,deviceId,timestamp,voltage,current,activePower,apparentPower,reactivePower,powerFactor
1,8,Sat Jun 09 2018 13:23:47 GMT+0000 (UTC),212,0.03,6,6,0,1
2,8,Sat Jun 09 2018 14:57:08 GMT+0000 (UTC),212,0.03,6,6,0,1
3,8,Sat Jun 09 2018 15:22:18 GMT+0000 (UTC),212,0.03,6,6,0,1
4,8,Sat Jun 09 2018 15:32:43 GMT+0000 (UTC),212,0.03,6,6,0,1
5,8,Sat Jun 09 2018 16:12:14 GMT+0000 (UTC),212,0.03,6,6,0,1
6,8,Sat Jun 09 2018 16:27:54 GMT+0000 (UTC),212,0.03,6,6,0,1
7,8,Sat Jun 09 2018 16:30:09 GMT+0000 (UTC),212,0.03,6,6,0,1
8,8,Sat Jun 09 2018 16:38:19 GMT+0000 (UTC),212,0.03,6,6,0,1
9,8,Sat Jun 09 2018 16:56:29 GMT+0000 (UTC),212,0.03,6,6,0,1
10,8,Sat Jun 09 2018 16:58:39 GMT+0000 (UTC),212,0.03,6,6,0,1
11,8,Sat Jun 09 2018 17:03:59 GMT+0000 (UTC),212,0.03,6,6,0,1
12,8,Sat Jun 09 2018 17:36:30 GMT+0000 (UTC),212,0.03,6,6,0,1
13,8,Sat Jun 09 2018 18:11:06 GMT+0000 (UTC),212,0.03,6,6,0,1
14,8,Sat Jun 09 2018 18:37:56 GMT+0000 (UTC),212,0.03,6,6,0,1
15,8,Sat Jun 09 2018 19:18:56 GMT+0000 (UTC),212,0.03,6,6,0,1
16,8,Sat Jun 09 2018 20:30:02 GMT+0000 (UTC),212,0.03,6,6,0,1
17,8,Sat Jun 09 2018 22:16:03 GMT+0000 (UTC),212,0.03,6,6,0,1
18,8,Sat Jun 09 2018 23:17:29 GMT+0000 (UTC),212,0.03,6,6,0,1
19,8,Sun Jun 10 2018 00:05:05 GMT+0000 (UTC),212,0.03,6,6,0,1
20,8,Sun Jun 10 2018 03:23:12 GMT+0000 (UTC),212,0.03,6,6,0,1
21,8,Sun Jun 10 2018 03:35:48 GMT+0000 (UTC),212,0.03,6,6,0,1
22,8,Sun Jun 10 2018 04:02:18 GMT+0000 (UTC),212,0.03,6,6,0,1
23,8,Sun Jun 10 2018 04:53:39 GMT+0000 (UTC),212,0.03,6,6,0,1
24,8,Sun Jun 10 2018 05:07:59 GMT+0000 (UTC),212,0.03,6,6,0,1
25,8,Sun Jun 10 2018 05:25:19 GMT+0000 (UTC),212,0.03,6,6,0,1
26,8,Sun Jun 10 2018 06:56:45 GMT+0000 (UTC),212,0.03,6,6,0,1
27,8,Sun Jun 10 2018 07:36:51 GMT+0000 (UTC),212,0.03,6,6,0,1
28,8,Sun Jun 10 2018 07:38:06 GMT+0000 (UTC),212,0.03,6,6,0,1
29,8,Sun Jun 10 2018 07:39:06 GMT+0000 (UTC),212,0.03,6,6,0,1
30,8,Sun Jun 10 2018 07:50:06 GMT+0000 (UTC),212,0.03,6,6,0,1
31,8,Sun Jun 10 2018 07:51:41 GMT+0000 (UTC),212,0.03,6,6,0,1
32,8,Sun Jun 10 2018 08:05:06 GMT+0000 (UTC),212,0.03,6,6,0,1
33,8,Sun Jun 10 2018 08:12:46 GMT+0000 (UTC),212,0.03,6,6,0,1
34,8,Sun Jun 10 2018 09:33:07 GMT+0000 (UTC),212,0.03,6,6,0,1
35,8,Sun Jun 10 2018 10:24:43 GMT+0000 (UTC),212,0.03,6,6,0,1
36,8,Sun Jun 10 2018 10:34:08 GMT+0000 (UTC),212,0.03,6,6,0,1
37,8,Sun Jun 10 2018 10:58:28 GMT+0000 (UTC),212,0.03,6,6,0,1
38,8,Sun Jun 10 2018 11:17:08 GMT+0000 (UTC),212,0.03,6,6,0,1
39,8,Sun Jun 10 2018 11:21:49 GMT+0000 (UTC),212,0.03,6,6,0,1
40,8,Sun Jun 10 2018 11:23:48 GMT+0000 (UTC),212,0.03,6,6,0,1
41,8,Sun Jun 10 2018 11:36:24 GMT+0000 (UTC),212,0.03,6,6,0,1
42,8,Sun Jun 10 2018 11:45:59 GMT+0000 (UTC),212,0.03,6,6,0,1
43,8,Sun Jun 10 2018 12:59:35 GMT+0000 (UTC),212,0.03,6,6,0,1
44,8,Sun Jun 10 2018 14:49:11 GMT+0000 (UTC),212,0.03,6,6,0,1
45,8,Sun Jun 10 2018 15:11:01 GMT+0000 (UTC),212,0.03,6,6,0,1
46,8,Sun Jun 10 2018 15:19:06 GMT+0000 (UTC),212,0.03,6,6,0,1
47,8,Sun Jun 10 2018 15:29:02 GMT+0000 (UTC),212,0.03,6,6,0,1
48,8,Sun Jun 10 2018 15:31:47 GMT+0000 (UTC),212,0.03,6,6,0,1
49,8,Sun Jun 10 2018 16:48:42 GMT+0000 (UTC),212,0.03,6,6,0,1
50,8,Sun Jun 10 2018 17:07:18 GMT+0000 (UTC),212,0.03,6,6,0,1
51,8,Sun Jun 10 2018 17:58:28 GMT+0000 (UTC),212,0.03,6,6,0,1
52,8,Sun Jun 10 2018 18:06:43 GMT+0000 (UTC),212,0.03,6,6,0,1
53,8,Sun Jun 10 2018 18:13:24 GMT+0000 (UTC),212,0.03,6,6,0,1
54,8,Sun Jun 10 2018 18:59:30 GMT+0000 (UTC),212,0.03,6,6,0,1
55,8,Sun Jun 10 2018 19:35:30 GMT+0000 (UTC),212,0.03,6,6,0,1
56,8,Sun Jun 10 2018 19:55:50 GMT+0000 (UTC),212,0.03,6,6,0,1
57,8,Sun Jun 10 2018 20:05:30 GMT+0000 (UTC),212,0.03,6,6,0,1
58,8,Sun Jun 10 2018 20:40:51 GMT+0000 (UTC),212,0.03,6,6,0,1
59,8,Sun Jun 10 2018 20:58:11 GMT+0000 (UTC),212,0.03,6,6,0,1
60,8,Sun Jun 10 2018 21:03:16 GMT+0000 (UTC),212,0.03,6,6,0,1
61,8,Sun Jun 10 2018 21:06:16 GMT+0000 (UTC),212,0.03,6,6,0,1
62,8,Sun Jun 10 2018 21:39:12 GMT+0000 (UTC),212,0.03,6,6,0,1
63,8,Sun Jun 10 2018 22:19:22 GMT+0000 (UTC),212,0.03,6,6,0,1
64,8,Sun Jun 10 2018 23:18:08 GMT+0000 (UTC),212,0.03,6,6,0,1
65,8,Sun Jun 10 2018 23:26:08 GMT+0000 (UTC),212,0.03,6,6,0,1
66,8,Mon Jun 11 2018 00:46:39 GMT+0000 (UTC),212,0.03,6,6,0,1
67,8,Mon Jun 11 2018 01:03:34 GMT+0000 (UTC),212,0.03,6,6,0,1
68,8,Mon Jun 11 2018 01:37:00 GMT+0000 (UTC),212,0.03,6,6,0,1
69,8,Mon Jun 11 2018 02:04:40 GMT+0000 (UTC),212,0.03,6,6,0,1
70,8,Mon Jun 11 2018 02:44:35 GMT+0000 (UTC),212,0.03,6,6,0,1
71,8,Mon Jun 11 2018 03:06:51 GMT+0000 (UTC),212,0.03,6,6,0,1
72,8,Mon Jun 11 2018 03:48:11 GMT+0000 (UTC),212,0.03,6,6,0,1
73,8,Mon Jun 11 2018 03:54:11 GMT+0000 (UTC),212,0.03,6,6,0,1
74,8,Mon Jun 11 2018 03:58:11 GMT+0000 (UTC),212,0.03,6,6,0,1
75,8,Mon Jun 11 2018 04:06:06 GMT+0000 (UTC),212,0.03,6,6,0,1
76,8,Mon Jun 11 2018 06:08:44 GMT+0000 (UTC),212,0.03,6,6,0,1
77,8,Mon Jun 11 2018 06:09:34 GMT+0000 (UTC),212,0.03,6,6,0,1
78,8,Mon Jun 11 2018 06:11:24 GMT+0000 (UTC),212,0.03,6,6,0,1
79,8,Mon Jun 11 2018 06:28:29 GMT+0000 (UTC),212,0.03,6,6,0,1
80,8,Mon Jun 11 2018 06:35:24 GMT+0000 (UTC),212,0.03,6,6,0,1
81,8,Mon Jun 11 2018 06:46:04 GMT+0000 (UTC),212,0.03,6,6,0,1
82,8,Mon Jun 11 2018 07:31:35 GMT+0000 (UTC),212,0.03,6,6,0,1
83,8,Mon Jun 11 2018 07:31:50 GMT+0000 (UTC),212,0.03,6,6,0,1
84,8,Mon Jun 11 2018 07:44:25 GMT+0000 (UTC),212,0.03,6,6,0,1
85,8,Mon Jun 11 2018 07:46:53 GMT+0000 (UTC),212,0.03,6,6,0,1
86,8,Mon Jun 11 2018 08:07:26 GMT+0000 (UTC),212,0.03,6,6,0,1
87,8,Mon Jun 11 2018 08:08:41 GMT+0000 (UTC),212,0.03,6,6,0,1
88,8,Mon Jun 11 2018 09:07:32 GMT+0000 (UTC),212,0.03,6,6,0,1
89,8,Mon Jun 11 2018 09:13:42 GMT+0000 (UTC),212,0.03,6,6,0,1
90,8,Mon Jun 11 2018 09:38:58 GMT+0000 (UTC),212,0.03,6,6,0,1
91,8,Mon Jun 11 2018 09:51:33 GMT+0000 (UTC),212,0.03,6,6,0,1
92,8,Mon Jun 11 2018 10:07:39 GMT+0000 (UTC),212,0.03,6,6,0,1
93,8,Mon Jun 11 2018 10:19:48 GMT+0000 (UTC),212,0.03,6,6,0,1
94,8,Mon Jun 11 2018 10:56:19 GMT+0000 (UTC),212,0.03,6,6,0,1
95,8,Mon Jun 11 2018 10:59:24 GMT+0000 (UTC),212,0.03,6,6,0,1
96,8,Mon Jun 11 2018 11:09:39 GMT+0000 (UTC),212,0.03,6,6,0,1
97,8,Mon Jun 11 2018 12:01:05 GMT+0000 (UTC),212,0.03,6,6,0,1
98,8,Mon Jun 11 2018 12:01:30 GMT+0000 (UTC),212,0.03,6,6,0,1
99,8,Mon Jun 11 2018 12:59:10 GMT+0000 (UTC),212,0.03,6,6,0,1
100,8,Mon Jun 11 2018 13:07:16 GMT+0000 (UTC),212,0.03,6,6,0,1
101,8,Mon Jun 11 2018 13:24:21 GMT+0000 (UTC),212,0.03,6,6,0,1
102,8,Mon Jun 11 2018 13:40:01 GMT+0000 (UTC),212,0.03,6,6,0,1
103,8,Mon Jun 11 2018 13:48:56 GMT+0000 (UTC),212,0.03,6,6,0,1
104,8,Mon Jun 11 2018 13:55:26 GMT+0000 (UTC),212,0.03,6,6,0,1
105,8,Mon Jun 11 2018 14:07:46 GMT+0000 (UTC),212,0.03,6,6,0,1
106,8,Mon Jun 11 2018 14:13:17 GMT+0000 (UTC),212,0.03,6,6,0,1
107,8,Mon Jun 11 2018 14:14:07 GMT+0000 (UTC),212,0.03,6,6,0,1
108,8,Mon Jun 11 2018 14:19:47 GMT+0000 (UTC),212,0.03,6,6,0,1
109,8,Mon Jun 11 2018 14:42:12 GMT+0000 (UTC),212,0.03,6,6,0,1
110,8,Mon Jun 11 2018 15:11:17 GMT+0000 (UTC),212,0.03,6,6,0,1
111,8,Mon Jun 11 2018 15:50:13 GMT+0000 (UTC),212,0.03,6,6,0,1
112,8,Mon Jun 11 2018 15:58:48 GMT+0000 (UTC),212,0.03,6,6,0,1
113,8,Mon Jun 11 2018 18:17:30 GMT+0000 (UTC),212,0.03,6,6,0,1
114,8,Mon Jun 11 2018 18:23:10 GMT+0000 (UTC),212,0.03,6,6,0,1
115,8,Mon Jun 11 2018 18:32:00 GMT+0000 (UTC),212,0.03,6,6,0,1
116,8,Mon Jun 11 2018 18:34:00 GMT+0000 (UTC),212,0.03,6,6,0,1
117,8,Mon Jun 11 2018 18:40:55 GMT+0000 (UTC),212,0.03,6,6,0,1
118,8,Mon Jun 11 2018 18:41:15 GMT+0000 (UTC),212,0.03,6,6,0,1
119,8,Mon Jun 11 2018 19:09:50 GMT+0000 (UTC),212,0.03,6,6,0,1
120,8,Mon Jun 11 2018 19:19:50 GMT+0000 (UTC),212,0.03,6,6,0,1
121,8,Mon Jun 11 2018 19:22:36 GMT+0000 (UTC),212,0.03,6,6,0,1
122,8,Mon Jun 11 2018 19:25:01 GMT+0000 (UTC),212,0.03,6,6,0,1
123,8,Mon Jun 11 2018 20:10:06 GMT+0000 (UTC),212,0.03,6,6,0,1
124,8,Mon Jun 11 2018 20:20:06 GMT+0000 (UTC),212,0.03,6,6,0,1
125,8,Mon Jun 11 2018 20:22:56 GMT+0000 (UTC),212,0.03,6,6,0,1
126,8,Mon Jun 11 2018 21:26:37 GMT+0000 (UTC),212,0.03,6,6,0,1
127,8,Mon Jun 11 2018 21:46:37 GMT+0000 (UTC),212,0.03,6,6,0,1
128,8,Mon Jun 11 2018 21:48:47 GMT+0000 (UTC),212,0.03,6,6,0,1
129,8,Mon Jun 11 2018 22:42:18 GMT+0000 (UTC),212,0.03,6,6,0,1
130,8,Mon Jun 11 2018 22:56:19 GMT+0000 (UTC),212,0.03,6,6,0,1
131,8,Mon Jun 11 2018 23:18:14 GMT+0000 (UTC),212,0.03,6,6,0,1
132,8,Tue Jun 12 2018 00:55:07 GMT+0000 (UTC),212,0.03,6,6,0,1
133,8,Tue Jun 12 2018 01:39:13 GMT+0000 (UTC),212,0.03,6,6,0,1
134,8,Tue Jun 12 2018 01:40:23 GMT+0000 (UTC),212,0.03,6,6,0,1
135,8,Tue Jun 12 2018 01:44:23 GMT+0000 (UTC),212,0.03,6,6,0,1
136,8,Tue Jun 12 2018 02:03:23 GMT+0000 (UTC),212,0.03,6,6,0,1
137,8,Tue Jun 12 2018 02:08:08 GMT+0000 (UTC),212,0.03,6,6,0,1
138,8,Tue Jun 12 2018 02:37:35 GMT+0000 (UTC),212,0.03,6,6,0,1
139,8,Tue Jun 12 2018 03:12:15 GMT+0000 (UTC),212,0.03,6,6,0,1
140,8,Tue Jun 12 2018 03:35:11 GMT+0000 (UTC),212,0.03,6,6,0,1
141,8,Tue Jun 12 2018 04:24:17 GMT+0000 (UTC),212,0.03,6,6,0,1
142,8,Tue Jun 12 2018 04:25:27 GMT+0000 (UTC),212,0.03,6,6,0,1
143,8,Tue Jun 12 2018 04:44:47 GMT+0000 (UTC),212,0.03,6,6,0,1
144,8,Tue Jun 12 2018 04:52:37 GMT+0000 (UTC),212,0.03,6,6,0,1
145,8,Tue Jun 12 2018 05:10:47 GMT+0000 (UTC),212,0.03,6,6,0,1
146,8,Tue Jun 12 2018 05:15:32 GMT+0000 (UTC),212,0.03,6,6,0,1
147,8,Tue Jun 12 2018 05:33:58 GMT+0000 (UTC),212,0.03,6,6,0,1
148,8,Tue Jun 12 2018 05:45:18 GMT+0000 (UTC),212,0.03,6,6,0,1
149,8,Tue Jun 12 2018 05:51:48 GMT+0000 (UTC),212,0.03,6,6,0,1
150,8,Tue Jun 12 2018 06:03:53 GMT+0000 (UTC),212,0.03,6,6,0,1
151,8,Tue Jun 12 2018 06:25:23 GMT+0000 (UTC),212,0.03,6,6,0,1
152,8,Tue Jun 12 2018 06:50:14 GMT+0000 (UTC),212,0.03,6,6,0,1
153,8,Tue Jun 12 2018 07:02:24 GMT+0000 (UTC),212,0.03,6,6,0,1
154,8,Tue Jun 12 2018 07:13:44 GMT+0000 (UTC),212,0.03,6,6,0,1
155,8,Tue Jun 12 2018 07:17:44 GMT+0000 (UTC),212,0.03,6,6,0,1
156,8,Tue Jun 12 2018 07:20:24 GMT+0000 (UTC),212,0.03,6,6,0,1
157,8,Tue Jun 12 2018 07:28:14 GMT+0000 (UTC),212,0.03,6,6,0,1
158,8,Tue Jun 12 2018 07:32:34 GMT+0000 (UTC),212,0.03,6,6,0,1
159,8,Tue Jun 12 2018 07:45:54 GMT+0000 (UTC),212,0.03,6,6,0,1
160,8,Tue Jun 12 2018 08:05:39 GMT+0000 (UTC),212,0.03,6,6,0,1
161,8,Tue Jun 12 2018 08:13:55 GMT+0000 (UTC),212,0.03,6,6,0,1
162,8,Tue Jun 12 2018 08:14:25 GMT+0000 (UTC),212,0.03,6,6,0,1
163,8,Tue Jun 12 2018 08:26:40 GMT+0000 (UTC),212,0.03,6,6,0,1
164,8,Tue Jun 12 2018 08:32:40 GMT+0000 (UTC),212,0.03,6,6,0,1
165,8,Tue Jun 12 2018 08:36:10 GMT+0000 (UTC),212,0.03,6,6,0,1
166,8,Tue Jun 12 2018 08:43:15 GMT+0000 (UTC),212,0.03,6,6,0,1
167,8,Tue Jun 12 2018 08:48:15 GMT+0000 (UTC),212,0.03,6,6,0,1
168,8,Tue Jun 12 2018 08:50:05 GMT+0000 (UTC),212,0.03,6,6,0,1
169,8,Tue Jun 12 2018 08:52:25 GMT+0000 (UTC),212,0.03,6,6,0,1
170,8,Thu May 31 2018 22:09:57 GMT+0000 (UTC),212,0.03,6,6,0,1
171,8,Thu May 31 2018 23:04:37 GMT+0000 (UTC),212,0.03,6,6,0,1
172,8,Thu May 31 2018 23:14:27 GMT+0000 (UTC),212,0.03,6,6,0,1
173,8,Thu May 31 2018 23:49:28 GMT+0000 (UTC),212,0.03,6,6,0,1
174,8,Fri Jun 01 2018 00:43:48 GMT+0000 (UTC),212,0.03,6,6,0,1
175,8,Fri Jun 01 2018 02:39:45 GMT+0000 (UTC),212,0.03,6,6,0,1
176,8,Fri Jun 01 2018 02:42:45 GMT+0000 (UTC),212,0.03,6,6,0,1
177,8,Fri Jun 01 2018 03:15:10 GMT+0000 (UTC),212,0.03,6,6,0,1
178,8,Fri Jun 01 2018 04:09:21 GMT+0000 (UTC),212,0.03,6,6,0,1
179,8,Fri Jun 01 2018 04:28:31 GMT+0000 (UTC),212,0.03,6,6,0,1
180,8,Fri Jun 01 2018 05:15:07 GMT+0000 (UTC),212,0.03,6,6,0,1
181,8,Fri Jun 01 2018 06:09:33 GMT+0000 (UTC),212,0.03,6,6,0,1
182,8,Fri Jun 01 2018 06:22:18 GMT+0000 (UTC),212,0.03,6,6,0,1
183,8,Fri Jun 01 2018 06:24:23 GMT+0000 (UTC),212,0.03,6,6,0,1
184,8,Fri Jun 01 2018 07:02:08 GMT+0000 (UTC),212,0.03,6,6,0,1
185,8,Fri Jun 01 2018 07:14:18 GMT+0000 (UTC),212,0.03,6,6,0,1
186,8,Fri Jun 01 2018 07:28:09 GMT+0000 (UTC),212,0.03,6,6,0,1
187,8,Fri Jun 01 2018 07:38:24 GMT+0000 (UTC),212,0.03,6,6,0,1
188,8,Fri Jun 01 2018 08:03:29 GMT+0000 (UTC),212,0.03,6,6,0,1
189,8,Fri Jun 01 2018 08:34:44 GMT+0000 (UTC),212,0.03,6,6,0,1
190,8,Fri Jun 01 2018 08:40:19 GMT+0000 (UTC),212,0.03,6,6,0,1
191,8,Fri Jun 01 2018 09:10:00 GMT+0000 (UTC),212,0.03,6,6,0,1
192,8,Fri Jun 01 2018 09:12:25 GMT+0000 (UTC),212,0.03,6,6,0,1
193,8,Fri Jun 01 2018 09:13:05 GMT+0000 (UTC),212,0.03,6,6,0,1
194,8,Fri Jun 01 2018 09:44:45 GMT+0000 (UTC),212,0.03,6,6,0,1
195,8,Fri Jun 01 2018 09:52:35 GMT+0000 (UTC),212,0.03,6,6,0,1
196,8,Fri Jun 01 2018 10:01:35 GMT+0000 (UTC),212,0.03,6,6,0,1
197,8,Fri Jun 01 2018 10:17:46 GMT+0000 (UTC),212,0.03,6,6,0,1
198,8,Fri Jun 01 2018 10:50:11 GMT+0000 (UTC),212,0.03,6,6,0,1
199,8,Fri Jun 01 2018 11:16:16 GMT+0000 (UTC),212,0.03,6,6,0,1
200,8,Fri Jun 01 2018 11:19:36 GMT+0000 (UTC),212,0.03,6,6,0,1
201,8,Fri Jun 01 2018 11:28:27 GMT+0000 (UTC),212,0.03,6,6,0,1
202,8,Fri Jun 01 2018 11:43:12 GMT+0000 (UTC),212,0.03,6,6,0,1
203,8,Fri Jun 01 2018 11:46:07 GMT+0000 (UTC),212,0.03,6,6,0,1
204,8,Fri Jun 01 2018 11:56:47 GMT+0000 (UTC),212,0.03,6,6,0,1
205,8,Fri Jun 01 2018 12:05:57 GMT+0000 (UTC),212,0.03,6,6,0,1
206,8,Fri Jun 01 2018 12:22:02 GMT+0000 (UTC),212,0.03,6,6,0,1
207,8,Fri Jun 01 2018 12:32:17 GMT+0000 (UTC),212,0.03,6,6,0,1
208,8,Fri Jun 01 2018 12:39:17 GMT+0000 (UTC),212,0.03,6,6,0,1
209,8,Fri Jun 01 2018 12:46:08 GMT+0000 (UTC),212,0.03,6,6,0,1
210,8,Fri Jun 01 2018 12:56:23 GMT+0000 (UTC),212,0.03,6,6,0,1
211,8,Fri Jun 01 2018 13:22:43 GMT+0000 (UTC),212,0.03,6,6,0,1
212,8,Fri Jun 01 2018 13:36:43 GMT+0000 (UTC),212,0.03,6,6,0,1
213,8,Fri Jun 01 2018 13:44:58 GMT+0000 (UTC),212,0.03,6,6,0,1
214,8,Fri Jun 01 2018 14:04:38 GMT+0000 (UTC),212,0.03,6,6,0,1
215,8,Fri Jun 01 2018 15:10:39 GMT+0000 (UTC),212,0.03,6,6,0,1
216,8,Fri Jun 01 2018 15:41:10 GMT+0000 (UTC),212,0.03,6,6,0,1
217,8,Fri Jun 01 2018 15:47:00 GMT+0000 (UTC),212,0.03,6,6,0,1
218,8,Fri Jun 01 2018 16:02:50 GMT+0000 (UTC),212,0.03,6,6,0,1
219,8,Fri Jun 01 2018 16:28:30 GMT+0000 (UTC),212,0.03,6,6,0,1
220,8,Fri Jun 01 2018 16:45:30 GMT+0000 (UTC),212,0.03,6,6,0,1
221,8,Fri Jun 01 2018 17:16:31 GMT+0000 (UTC),212,0.03,6,6,0,1
222,8,Fri Jun 01 2018 17:19:56 GMT+0000 (UTC),212,0.03,6,6,0,1
223,8,Fri Jun 01 2018 17:46:51 GMT+0000 (UTC),212,0.03,6,6,0,1
224,8,Fri Jun 01 2018 17:48:16 GMT+0000 (UTC),212,0.03,6,6,0,1
225,8,Fri Jun 01 2018 18:39:22 GMT+0000 (UTC),212,0.03,6,6,0,1
226,8,Fri Jun 01 2018 19:02:42 GMT+0000 (UTC),212,0.03,6,6,0,1
227,8,Fri Jun 01 2018 19:18:02 GMT+0000 (UTC),212,0.03,6,6,0,1
228,8,Fri Jun 01 2018 20:22:23 GMT+0000 (UTC),212,0.03,6,6,0,1
229,8,Fri Jun 01 2018 20:31:28 GMT+0000 (UTC),212,0.03,6,6,0,1
230,8,Fri Jun 01 2018 20:47:53 GMT+0000 (UTC),212,0.03,6,6,0,1
231,8,Fri Jun 01 2018 21:15:34 GMT+0000 (UTC),212,0.03,6,6,0,1
232,8,Fri Jun 01 2018 21:17:59 GMT+0000 (UTC),212,0.03,6,6,0,1
233,8,Fri Jun 01 2018 21:24:14 GMT+0000 (UTC),212,0.03,6,6,0,1
234,8,Fri Jun 01 2018 21:32:24 GMT+0000 (UTC),212,0.03,6,6,0,1
235,8,Fri Jun 01 2018 21:36:24 GMT+0000 (UTC),212,0.03,6,6,0,1
236,8,Fri Jun 01 2018 21:56:09 GMT+0000 (UTC),212,0.03,6,6,0,1
237,8,Tue Jun 12 2018 09:00:26 GMT+0000 (UTC),212,0.03,6,6,0,1
238,8,Tue Jun 12 2018 09:35:46 GMT+0000 (UTC),212,0.03,6,6,0,1
239,8,Tue Jun 12 2018 09:39:06 GMT+0000 (UTC),212,0.03,6,6,0,1
240,8,Tue Jun 12 2018 09:44:01 GMT+0000 (UTC),212,0.03,6,6,0,1
241,8,Tue Jun 12 2018 09:48:51 GMT+0000 (UTC),212,0.03,6,6,0,1
242,8,Tue Jun 12 2018 09:53:41 GMT+0000 (UTC),212,0.03,6,6,0,1
243,8,Tue Jun 12 2018 09:56:21 GMT+0000 (UTC),212,0.03,6,6,0,1
244,8,Tue Jun 12 2018 10:08:56 GMT+0000 (UTC),212,0.03,6,6,0,1
245,8,Tue Jun 12 2018 10:16:36 GMT+0000 (UTC),212,0.03,6,6,0,1
246,8,Tue Jun 12 2018 10:24:02 GMT+0000 (UTC),212,0.03,6,6,0,1
247,8,Tue Jun 12 2018 10:58:47 GMT+0000 (UTC),212,0.03,6,6,0,1
248,8,Tue Jun 12 2018 11:06:52 GMT+0000 (UTC),212,0.03,6,6,0,1
249,8,Tue Jun 12 2018 11:16:17 GMT+0000 (UTC),212,0.03,6,6,0,1
250,8,Tue Jun 12 2018 11:17:47 GMT+0000 (UTC),212,0.03,6,6,0,1
251,8,Tue Jun 12 2018 11:33:17 GMT+0000 (UTC),212,0.03,6,6,0,1
252,8,Tue Jun 12 2018 11:35:07 GMT+0000 (UTC),212,0.03,6,6,0,1
253,8,Tue Jun 12 2018 11:38:12 GMT+0000 (UTC),212,0.03,6,6,0,1
254,8,Tue Jun 12 2018 11:49:08 GMT+0000 (UTC),212,0.03,6,6,0,1
255,8,Tue Jun 12 2018 11:51:38 GMT+0000 (UTC),212,0.03,6,6,0,1
256,8,Tue Jun 12 2018 12:35:33 GMT+0000 (UTC),212,0.03,6,6,0,1
257,8,Tue Jun 12 2018 12:35:53 GMT+0000 (UTC),212,0.03,6,6,0,1
258,8,Tue Jun 12 2018 13:05:34 GMT+0000 (UTC),212,0.03,6,6,0,1
259,8,Tue Jun 12 2018 13:06:34 GMT+0000 (UTC),212,0.03,6,6,0,1
260,8,Tue Jun 12 2018 13:10:59 GMT+0000 (UTC),212,0.03,6,6,0,1
261,8,Tue Jun 12 2018 13:17:39 GMT+0000 (UTC),212,0.03,6,6,0,1
262,8,Tue Jun 12 2018 13:21:39 GMT+0000 (UTC),212,0.03,6,6,0,1
263,8,Tue Jun 12 2018 13:51:54 GMT+0000 (UTC),212,0.03,6,6,0,1
264,8,Tue Jun 12 2018 14:22:04 GMT+0000 (UTC),212,0.03,6,6,0,1
265,8,Tue Jun 12 2018 14:29:50 GMT+0000 (UTC),212,0.03,6,6,0,1
266,8,Tue Jun 12 2018 14:34:20 GMT+0000 (UTC),212,0.03,6,6,0,1
267,8,Tue Jun 12 2018 14:34:55 GMT+0000 (UTC),212,0.03,6,6,0,1
268,8,Tue Jun 12 2018 14:49:50 GMT+0000 (UTC),212,0.03,6,6,0,1
269,8,Tue Jun 12 2018 15:02:35 GMT+0000 (UTC),212,0.03,6,6,0,1
270,8,Tue Jun 12 2018 15:12:40 GMT+0000 (UTC),212,0.03,6,6,0,1
271,8,Tue Jun 12 2018 15:21:00 GMT+0000 (UTC),212,0.03,6,6,0,1
272,8,Tue Jun 12 2018 15:28:05 GMT+0000 (UTC),212,0.03,6,6,0,1
273,8,Tue Jun 12 2018 15:28:55 GMT+0000 (UTC),212,0.03,6,6,0,1
274,8,Tue Jun 12 2018 15:30:15 GMT+0000 (UTC),212,0.03,6,6,0,1
275,8,Tue Jun 12 2018 15:49:41 GMT+0000 (UTC),212,0.03,6,6,0,1
276,8,Tue Jun 12 2018 16:00:31 GMT+0000 (UTC),212,0.03,6,6,0,1
277,8,Tue Jun 12 2018 16:02:06 GMT+0000 (UTC),212,0.03,6,6,0,1
278,8,Tue Jun 12 2018 16:24:01 GMT+0000 (UTC),212,0.03,6,6,0,1
279,8,Tue Jun 12 2018 16:24:56 GMT+0000 (UTC),212,0.03,6,6,0,1
280,8,Tue Jun 12 2018 17:16:42 GMT+0000 (UTC),212,0.03,6,6,0,1
281,8,Tue Jun 12 2018 17:46:02 GMT+0000 (UTC),212,0.03,6,6,0,1
282,8,Tue Jun 12 2018 18:20:57 GMT+0000 (UTC),212,0.03,6,6,0,1
283,8,Tue Jun 12 2018 18:39:23 GMT+0000 (UTC),212,0.03,6,6,0,1
284,8,Tue Jun 12 2018 19:02:08 GMT+0000 (UTC),212,0.03,6,6,0,1
285,8,Tue Jun 12 2018 19:27:18 GMT+0000 (UTC),212,0.03,6,6,0,1
286,8,Tue Jun 12 2018 19:59:59 GMT+0000 (UTC),212,0.03,6,6,0,1
287,8,Tue Jun 12 2018 20:33:54 GMT+0000 (UTC),212,0.03,6,6,0,1
288,8,Tue Jun 12 2018 20:34:34 GMT+0000 (UTC),212,0.03,6,6,0,1
289,8,Tue Jun 12 2018 21:56:05 GMT+0000 (UTC),212,0.03,6,6,0,1
290,8,Tue Jun 12 2018 22:18:10 GMT+0000 (UTC),212,0.03,6,6,0,1
291,8,Tue Jun 12 2018 22:41:36 GMT+0000 (UTC),212,0.03,6,6,0,1
292,8,Tue Jun 12 2018 22:43:56 GMT+0000 (UTC),212,0.03,6,6,0,1
293,8,Tue Jun 12 2018 23:10:36 GMT+0000 (UTC),212,0.03,6,6,0,1
294,8,Tue Jun 12 2018 23:27:36 GMT+0000 (UTC),212,0.03,6,6,0,1
295,8,Tue Jun 12 2018 23:49:26 GMT+0000 (UTC),212,0.03,6,6,0,1
296,8,Tue Jun 12 2018 23:52:26 GMT+0000 (UTC),212,0.03,6,6,0,1
297,8,Wed Jun 13 2018 00:06:57 GMT+0000 (UTC),212,0.03,6,6,0,1
298,8,Wed Jun 13 2018 00:35:37 GMT+0000 (UTC),212,0.03,6,6,0,1
299,8,Wed Jun 13 2018 00:45:57 GMT+0000 (UTC),212,0.03,6,6,0,1
300,8,Wed Jun 13 2018 01:31:53 GMT+0000 (UTC),212,0.03,6,6,0,1
301,8,Wed Jun 13 2018 02:27:19 GMT+0000 (UTC),212,0.03,6,6,0,1
302,8,Wed Jun 13 2018 02:34:59 GMT+0000 (UTC),212,0.03,6,6,0,1
303,8,Wed Jun 13 2018 03:05:14 GMT+0000 (UTC),212,0.03,6,6,0,1
304,8,Wed Jun 13 2018 04:50:46 GMT+0000 (UTC),212,0.03,6,6,0,1
305,8,Wed Jun 13 2018 04:51:31 GMT+0000 (UTC),212,0.03,6,6,0,1
306,8,Wed Jun 13 2018 05:09:11 GMT+0000 (UTC),212,0.03,6,6,0,1
307,8,Wed Jun 13 2018 05:16:21 GMT+0000 (UTC),212,0.03,6,6,0,1
308,8,Wed Jun 13 2018 05:20:46 GMT+0000 (UTC),212,0.03,6,6,0,1
309,8,Wed Jun 13 2018 05:25:01 GMT+0000 (UTC),212,0.03,6,6,0,1
310,8,Wed Jun 13 2018 05:26:01 GMT+0000 (UTC),212,0.03,6,6,0,1
311,8,Wed Jun 13 2018 05:59:22 GMT+0000 (UTC),212,0.03,6,6,0,1
312,8,Wed Jun 13 2018 06:20:52 GMT+0000 (UTC),212,0.03,6,6,0,1
313,8,Wed Jun 13 2018 06:25:02 GMT+0000 (UTC),212,0.03,6,6,0,1
314,8,Wed Jun 13 2018 06:25:57 GMT+0000 (UTC),212,0.03,6,6,0,1
315,8,Wed Jun 13 2018 06:51:12 GMT+0000 (UTC),212,0.03,6,6,0,1
316,8,Wed Jun 13 2018 07:03:48 GMT+0000 (UTC),212,0.03,6,6,0,1
317,8,Wed Jun 13 2018 07:09:23 GMT+0000 (UTC),212,0.03,6,6,0,1
318,8,Wed Jun 13 2018 07:10:38 GMT+0000 (UTC),212,0.03,6,6,0,1
319,8,Wed Jun 13 2018 07:25:38 GMT+0000 (UTC),212,0.03,6,6,0,1
320,8,Wed Jun 13 2018 08:16:43 GMT+0000 (UTC),212,0.03,6,6,0,1
321,8,Wed Jun 13 2018 08:33:04 GMT+0000 (UTC),212,0.03,6,6,0,1
322,8,Wed Jun 13 2018 08:41:49 GMT+0000 (UTC),212,0.03,6,6,0,1
323,8,Wed Jun 13 2018 08:47:34 GMT+0000 (UTC),212,0.03,6,6,0,1
324,8,Wed Jun 13 2018 09:00:13 GMT+0000 (UTC),212,0.03,6,6,0,1
325,8,Wed Jun 13 2018 09:03:29 GMT+0000 (UTC),212,0.03,6,6,0,1
326,8,Wed Jun 13 2018 09:19:49 GMT+0000 (UTC),212,0.03,6,6,0,1
327,8,Wed Jun 13 2018 09:25:09 GMT+0000 (UTC),212,0.03,6,6,0,1
328,8,Wed Jun 13 2018 09:28:59 GMT+0000 (UTC),212,0.03,6,6,0,1
329,8,Wed Jun 13 2018 09:29:19 GMT+0000 (UTC),212,0.03,6,6,0,1
330,8,Wed Jun 13 2018 09:36:54 GMT+0000 (UTC),212,0.03,6,6,0,1
331,8,Wed Jun 13 2018 09:38:24 GMT+0000 (UTC),212,0.03,6,6,0,1
332,8,Wed Jun 13 2018 09:51:20 GMT+0000 (UTC),212,0.03,6,6,0,1
333,8,Wed Jun 13 2018 10:03:30 GMT+0000 (UTC),212,0.03,6,6,0,1
334,8,Wed Jun 13 2018 10:06:50 GMT+0000 (UTC),212,0.03,6,6,0,1
335,8,Wed Jun 13 2018 10:12:35 GMT+0000 (UTC),212,0.03,6,6,0,1
336,8,Wed Jun 13 2018 11:10:11 GMT+0000 (UTC),212,0.03,6,6,0,1
337,8,Wed Jun 13 2018 12:00:11 GMT+0000 (UTC),212,0.03,6,6,0,1
338,8,Wed Jun 13 2018 12:00:31 GMT+0000 (UTC),212,0.03,6,6,0,1
339,8,Wed Jun 13 2018 12:08:26 GMT+0000 (UTC),212,0.03,6,6,0,1
340,8,Wed Jun 13 2018 12:19:51 GMT+0000 (UTC),212,0.03,6,6,0,1
341,8,Wed Jun 13 2018 12:29:47 GMT+0000 (UTC),212,0.03,6,6,0,1
342,8,Wed Jun 13 2018 12:33:57 GMT+0000 (UTC),212,0.03,6,6,0,1
343,8,Wed Jun 13 2018 12:37:02 GMT+0000 (UTC),212,0.03,6,6,0,1
344,8,Wed Jun 13 2018 12:52:02 GMT+0000 (UTC),212,0.03,6,6,0,1
345,8,Wed Jun 13 2018 13:30:22 GMT+0000 (UTC),212,0.03,6,6,0,1
346,8,Wed Jun 13 2018 13:30:57 GMT+0000 (UTC),212,0.03,6,6,0,1
347,8,Wed Jun 13 2018 13:42:28 GMT+0000 (UTC),212,0.03,6,6,0,1
348,8,Wed Jun 13 2018 13:47:17 GMT+0000 (UTC),212,0.03,6,6,0,1
349,8,Wed Jun 13 2018 14:07:03 GMT+0000 (UTC),212,0.03,6,6,0,1
350,8,Wed Jun 13 2018 14:19:23 GMT+0000 (UTC),212,0.03,6,6,0,1
351,8,Wed Jun 13 2018 15:47:59 GMT+0000 (UTC),212,0.03,6,6,0,1
352,8,Wed Jun 13 2018 15:50:24 GMT+0000 (UTC),212,0.03,6,6,0,1
353,8,Wed Jun 13 2018 15:57:49 GMT+0000 (UTC),212,0.03,6,6,0,1
354,8,Wed Jun 13 2018 16:20:45 GMT+0000 (UTC),212,0.03,6,6,0,1
355,8,Wed Jun 13 2018 16:34:05 GMT+0000 (UTC),212,0.03,6,6,0,1
356,8,Wed Jun 13 2018 16:38:10 GMT+0000 (UTC),212,0.03,6,6,0,1
357,8,Wed Jun 13 2018 16:42:20 GMT+0000 (UTC),212,0.03,6,6,0,1
358,8,Wed Jun 13 2018 16:54:35 GMT+0000 (UTC),212,0.03,6,6,0,1
359,8,Wed Jun 13 2018 17:33:26 GMT+0000 (UTC),212,0.03,6,6,0,1
360,8,Wed Jun 13 2018 17:36:41 GMT+0000 (UTC),212,0.03,6,6,0,1
361,8,Wed Jun 13 2018 17:44:31 GMT+0000 (UTC),212,0.03,6,6,0,1
362,8,Wed Jun 13 2018 18:52:02 GMT+0000 (UTC),212,0.03,6,6,0,1
363,8,Wed Jun 13 2018 19:11:57 GMT+0000 (UTC),212,0.03,6,6,0,1
364,8,Wed Jun 13 2018 20:07:39 GMT+0000 (UTC),212,0.03,6,6,0,1
365,8,Wed Jun 13 2018 21:34:10 GMT+0000 (UTC),212,0.03,6,6,0,1
366,8,Wed Jun 13 2018 21:59:15 GMT+0000 (UTC),212,0.03,6,6,0,1
367,8,Wed Jun 13 2018 22:11:55 GMT+0000 (UTC),212,0.03,6,6,0,1
368,8,Wed Jun 13 2018 22:12:15 GMT+0000 (UTC),212,0.03,6,6,0,1
369,8,Wed Jun 13 2018 22:39:55 GMT+0000 (UTC),212,0.03,6,6,0,1
370,8,Wed Jun 13 2018 22:50:20 GMT+0000 (UTC),212,0.03,6,6,0,1
371,8,Wed Jun 13 2018 22:52:05 GMT+0000 (UTC),212,0.03,6,6,0,1
372,8,Wed Jun 13 2018 23:09:56 GMT+0000 (UTC),212,0.03,6,6,0,1
373,8,Wed Jun 13 2018 23:11:16 GMT+0000 (UTC),212,0.03,6,6,0,1
374,8,Wed Jun 13 2018 23:16:46 GMT+0000 (UTC),212,0.03,6,6,0,1
375,8,Wed Jun 13 2018 23:42:46 GMT+0000 (UTC),212,0.03,6,6,0,1
376,8,Wed Jun 13 2018 23:51:51 GMT+0000 (UTC),212,0.03,6,6,0,1
377,8,Wed Jun 13 2018 23:59:06 GMT+0000 (UTC),212,0.03,6,6,0,1
378,8,Thu Jun 14 2018 00:01:26 GMT+0000 (UTC),212,0.03,6,6,0,1
379,8,Thu Jun 14 2018 00:45:07 GMT+0000 (UTC),212,0.03,6,6,0,1
380,8,Thu Jun 14 2018 00:53:22 GMT+0000 (UTC),212,0.03,6,6,0,1
381,8,Thu Jun 14 2018 01:25:27 GMT+0000 (UTC),212,0.03,6,6,0,1
382,8,Thu Jun 14 2018 01:50:08 GMT+0000 (UTC),212,0.03,6,6,0,1
383,8,Thu Jun 14 2018 02:06:03 GMT+0000 (UTC),212,0.03,6,6,0,1
384,8,Thu Jun 14 2018 02:21:08 GMT+0000 (UTC),212,0.03,6,6,0,1
385,8,Thu Jun 14 2018 02:24:43 GMT+0000 (UTC),212,0.03,6,6,0,1
386,8,Thu Jun 14 2018 02:26:43 GMT+0000 (UTC),212,0.03,6,6,0,1
387,8,Thu Jun 14 2018 02:29:33 GMT+0000 (UTC),212,0.03,6,6,0,1
388,8,Thu Jun 14 2018 02:35:58 GMT+0000 (UTC),212,0.03,6,6,0,1
389,8,Thu Jun 14 2018 03:02:19 GMT+0000 (UTC),212,0.03,6,6,0,1
390,8,Thu Jun 14 2018 03:06:19 GMT+0000 (UTC),212,0.03,6,6,0,1
391,8,Thu Jun 14 2018 03:12:14 GMT+0000 (UTC),212,0.03,6,6,0,1
392,8,Thu Jun 14 2018 03:16:04 GMT+0000 (UTC),212,0.03,6,6,0,1
393,8,Thu Jun 14 2018 03:17:24 GMT+0000 (UTC),212,0.03,6,6,0,1
394,8,Thu Jun 14 2018 03:19:34 GMT+0000 (UTC),212,0.03,6,6,0,1
395,8,Thu Jun 14 2018 03:25:59 GMT+0000 (UTC),212,0.03,6,6,0,1
396,8,Thu Jun 14 2018 03:28:44 GMT+0000 (UTC),212,0.03,6,6,0,1
397,8,Thu Jun 14 2018 05:29:00 GMT+0000 (UTC),212,0.03,6,6,0,1
398,8,Thu Jun 14 2018 05:38:10 GMT+0000 (UTC),212,0.03,6,6,0,1
399,8,Thu Jun 14 2018 05:48:41 GMT+0000 (UTC),212,0.03,6,6,0,1
400,8,Thu Jun 14 2018 06:13:36 GMT+0000 (UTC),212,0.03,6,6,0,1
401,8,Thu Jun 14 2018 06:18:36 GMT+0000 (UTC),212,0.03,6,6,0,1
402,8,Thu Jun 14 2018 06:24:21 GMT+0000 (UTC),212,0.03,6,6,0,1
403,8,Thu Jun 14 2018 06:26:31 GMT+0000 (UTC),212,0.03,6,6,0,1
404,8,Thu Jun 14 2018 06:34:56 GMT+0000 (UTC),212,0.03,6,6,0,1
405,8,Thu Jun 14 2018 06:57:11 GMT+0000 (UTC),212,0.03,6,6,0,1
406,8,Thu Jun 14 2018 07:27:17 GMT+0000 (UTC),212,0.03,6,6,0,1
407,8,Thu Jun 14 2018 07:27:32 GMT+0000 (UTC),212,0.03,6,6,0,1
408,8,Thu Jun 14 2018 07:32:07 GMT+0000 (UTC),212,0.03,6,6,0,1
409,8,Thu Jun 14 2018 07:53:32 GMT+0000 (UTC),212,0.03,6,6,0,1
410,8,Thu Jun 14 2018 08:27:48 GMT+0000 (UTC),212,0.03,6,6,0,1
411,8,Thu Jun 14 2018 08:37:03 GMT+0000 (UTC),212,0.03,6,6,0,1
412,8,Thu Jun 14 2018 08:56:29 GMT+0000 (UTC),212,0.03,6,6,0,1
413,8,Thu Jun 14 2018 08:56:49 GMT+0000 (UTC),212,0.03,6,6,0,1
414,8,Thu Jun 14 2018 09:09:49 GMT+0000 (UTC),212,0.03,6,6,0,1
415,8,Thu Jun 14 2018 09:15:59 GMT+0000 (UTC),212,0.03,6,6,0,1
416,8,Thu Jun 14 2018 09:16:44 GMT+0000 (UTC),212,0.03,6,6,0,1
417,8,Thu Jun 14 2018 09:34:24 GMT+0000 (UTC),212,0.03,6,6,0,1
418,8,Thu Jun 14 2018 09:34:49 GMT+0000 (UTC),212,0.03,6,6,0,1
419,8,Thu Jun 14 2018 09:40:09 GMT+0000 (UTC),212,0.03,6,6,0,1
420,8,Thu Jun 14 2018 09:41:49 GMT+0000 (UTC),212,0.03,6,6,0,1
421,8,Thu Jun 14 2018 09:55:40 GMT+0000 (UTC),212,0.03,6,6,0,1
422,8,Thu Jun 14 2018 10:18:25 GMT+0000 (UTC),212,0.03,6,6,0,1
423,8,Thu Jun 14 2018 10:21:45 GMT+0000 (UTC),212,0.03,6,6,0,1
424,8,Thu Jun 14 2018 10:31:10 GMT+0000 (UTC),212,0.03,6,6,0,1
425,8,Thu Jun 14 2018 10:35:05 GMT+0000 (UTC),212,0.03,6,6,0,1
426,8,Thu Jun 14 2018 10:46:50 GMT+0000 (UTC),212,0.03,6,6,0,1
427,8,Thu Jun 14 2018 11:00:20 GMT+0000 (UTC),212,0.03,6,6,0,1
428,8,Thu Jun 14 2018 11:05:25 GMT+0000 (UTC),212,0.03,6,6,0,1
429,8,Thu Jun 14 2018 11:08:20 GMT+0000 (UTC),212,0.03,6,6,0,1
430,15,Thu Jun 14 2018 11:40:10 GMT+0000 (UTC),212,0.07,6,14,12,0.43
431,15,Thu Jun 14 2018 11:40:15 GMT+0000 (UTC),212,0.07,6,14,12,0.43
432,15,Thu Jun 14 2018 11:40:20 GMT+0000 (UTC),212,0.07,6,14,12,0.43
433,15,Thu Jun 14 2018 11:40:30 GMT+0000 (UTC),212,0.07,6,14,12,0.43
434,15,Thu Jun 14 2018 11:40:40 GMT+0000 (UTC),212,0.07,6,14,12,0.43
435,15,Thu Jun 14 2018 11:40:50 GMT+0000 (UTC),212,0.07,6,14,12,0.43
436,15,Thu Jun 14 2018 11:40:55 GMT+0000 (UTC),212,0.07,6,14,12,0.43
437,15,Thu Jun 14 2018 11:41:05 GMT+0000 (UTC),212,0.07,6,14,12,0.43
438,15,Thu Jun 14 2018 11:41:10 GMT+0000 (UTC),212,0.07,6,14,12,0.43
439,15,Thu Jun 14 2018 11:41:15 GMT+0000 (UTC),212,0.07,6,14,12,0.43
440,15,Thu Jun 14 2018 11:41:20 GMT+0000 (UTC),212,0.07,6,14,12,0.43
441,15,Thu Jun 14 2018 11:41:25 GMT+0000 (UTC),212,0.07,6,14,12,0.43
442,15,Thu Jun 14 2018 11:41:30 GMT+0000 (UTC),212,0.07,6,14,12,0.43
443,15,Thu Jun 14 2018 11:41:35 GMT+0000 (UTC),212,0.07,6,14,12,0.43
444,15,Thu Jun 14 2018 11:41:45 GMT+0000 (UTC),212,0.07,6,14,12,0.43
445,15,Thu Jun 14 2018 11:41:50 GMT+0000 (UTC),212,0.07,6,14,12,0.43
446,15,Thu Jun 14 2018 11:41:55 GMT+0000 (UTC),212,0.07,6,14,12,0.43
447,15,Thu Jun 14 2018 11:42:05 GMT+0000 (UTC),212,0.07,6,14,12,0.43
448,15,Thu Jun 14 2018 11:42:10 GMT+0000 (UTC),212,0.07,6,14,12,0.43
449,15,Thu Jun 14 2018 11:42:15 GMT+0000 (UTC),212,0.07,6,14,12,0.43
450,15,Thu Jun 14 2018 11:42:20 GMT+0000 (UTC),212,0.07,6,14,12,0.43
451,15,Thu Jun 14 2018 11:42:30 GMT+0000 (UTC),212,0.07,6,14,12,0.43
452,15,Thu Jun 14 2018 11:42:35 GMT+0000 (UTC),212,0.07,6,14,12,0.43
453,15,Thu Jun 14 2018 11:42:40 GMT+0000 (UTC),212,0.07,6,14,12,0.43
454,15,Thu Jun 14 2018 11:42:55 GMT+0000 (UTC),212,0.07,6,14,12,0.43
455,15,Thu Jun 14 2018 11:43:00 GMT+0000 (UTC),212,0.07,6,14,12,0.43
456,15,Thu Jun 14 2018 11:43:05 GMT+0000 (UTC),212,0.07,6,14,12,0.43
457,15,Thu Jun 14 2018 11:43:20 GMT+0000 (UTC),212,0.07,6,14,12,0.43
458,15,Thu Jun 14 2018 11:43:25 GMT+0000 (UTC),212,0.07,6,14,12,0.43
459,15,Thu Jun 14 2018 11:44:05 GMT+0000 (UTC),212,0.07,6,14,12,0.43
460,15,Thu Jun 14 2018 11:44:10 GMT+0000 (UTC),212,0.07,6,14,12,0.43
461,15,Thu Jun 14 2018 11:54:55 GMT+0000 (UTC),212,0.07,6,14,12,0.43
462,15,Thu Jun 14 2018 11:55:05 GMT+0000 (UTC),212,0.07,6,14,12,0.43
463,15,Thu Jun 14 2018 11:55:15 GMT+0000 (UTC),212,0.07,6,14,12,0.43
464,8,Thu Jun 14 2018 11:55:51 GMT+0000 (UTC),212,0.03,6,6,0,1
465,15,Thu Jun 14 2018 11:55:30 GMT+0000 (UTC),212,0.07,6,14,12,0.43
466,15,Thu Jun 14 2018 11:55:35 GMT+0000 (UTC),212,0.07,6,14,12,0.43
467,15,Thu Jun 14 2018 11:55:50 GMT+0000 (UTC),212,0.07,6,14,12,0.43
468,15,Thu Jun 14 2018 11:56:00 GMT+0000 (UTC),212,0.07,6,14,12,0.43
469,15,Thu Jun 14 2018 11:56:05 GMT+0000 (UTC),212,0.07,6,14,12,0.43
470,15,Thu Jun 14 2018 11:56:15 GMT+0000 (UTC),212,0.07,6,14,12,0.43
471,15,Thu Jun 14 2018 11:56:25 GMT+0000 (UTC),212,0.07,6,14,12,0.43
472,15,Thu Jun 14 2018 11:56:45 GMT+0000 (UTC),212,0.07,6,14,12,0.43
473,15,Thu Jun 14 2018 11:56:55 GMT+0000 (UTC),212,0.07,6,14,12,0.43
474,15,Thu Jun 14 2018 11:57:00 GMT+0000 (UTC),212,0.07,6,14,12,0.43
475,15,Thu Jun 14 2018 11:57:05 GMT+0000 (UTC),212,0.07,6,14,12,0.43
476,15,Thu Jun 14 2018 11:57:10 GMT+0000 (UTC),212,0.07,6,14,12,0.43
477,15,Thu Jun 14 2018 11:57:15 GMT+0000 (UTC),212,0.07,6,14,12,0.43
478,15,Thu Jun 14 2018 11:57:20 GMT+0000 (UTC),212,0.07,6,14,12,0.43
479,15,Thu Jun 14 2018 11:57:25 GMT+0000 (UTC),212,0.07,6,14,12,0.43
480,15,Thu Jun 14 2018 11:57:30 GMT+0000 (UTC),212,0.07,6,14,12,0.43
481,15,Thu Jun 14 2018 11:57:35 GMT+0000 (UTC),212,0.07,6,14,12,0.43
482,15,Thu Jun 14 2018 11:57:40 GMT+0000 (UTC),212,0.07,6,14,12,0.43
483,15,Thu Jun 14 2018 11:57:45 GMT+0000 (UTC),212,0.07,6,14,12,0.43
484,15,Thu Jun 14 2018 11:57:50 GMT+0000 (UTC),212,0.07,6,14,12,0.43
485,15,Thu Jun 14 2018 11:58:20 GMT+0000 (UTC),212,0.07,6,14,12,0.43
486,15,Thu Jun 14 2018 11:58:30 GMT+0000 (UTC),212,0.07,6,14,12,0.43
487,15,Thu Jun 14 2018 11:58:35 GMT+0000 (UTC),212,0.07,6,14,12,0.43
488,15,Thu Jun 14 2018 11:58:40 GMT+0000 (UTC),212,0.07,6,14,12,0.43
489,15,Thu Jun 14 2018 11:58:55 GMT+0000 (UTC),212,0.07,6,14,12,0.43
490,15,Thu Jun 14 2018 11:59:00 GMT+0000 (UTC),212,0.07,6,14,12,0.43
491,15,Thu Jun 14 2018 11:59:05 GMT+0000 (UTC),212,0.07,6,14,12,0.43
492,15,Thu Jun 14 2018 11:59:15 GMT+0000 (UTC),212,0.07,6,14,12,0.43
493,8,Thu Jun 14 2018 12:06:51 GMT+0000 (UTC),212,0.03,6,6,0,1
494,8,Thu Jun 14 2018 12:09:11 GMT+0000 (UTC),212,0.03,6,6,0,1
495,8,Thu Jun 14 2018 12:15:11 GMT+0000 (UTC),212,0.03,6,6,0,1
496,8,Thu Jun 14 2018 12:17:31 GMT+0000 (UTC),212,0.03,6,6,0,1
497,8,Thu Jun 14 2018 12:20:46 GMT+0000 (UTC),212,0.03,6,6,0,1
498,15,Thu Jun 14 2018 11:59:25 GMT+0000 (UTC),212,0.07,6,14,12,0.43
499,15,Thu Jun 14 2018 11:59:30 GMT+0000 (UTC),212,0.07,6,14,12,0.43
500,15,Thu Jun 14 2018 11:59:35 GMT+0000 (UTC),212,0.07,6,14,12,0.43
501,15,Thu Jun 14 2018 11:59:40 GMT+0000 (UTC),212,0.07,6,14,12,0.43
502,15,Thu Jun 14 2018 12:00:00 GMT+0000 (UTC),212,0.07,6,14,12,0.43
503,15,Thu Jun 14 2018 12:00:05 GMT+0000 (UTC),212,0.07,6,14,12,0.43
504,15,Thu Jun 14 2018 12:00:11 GMT+0000 (UTC),212,0.07,6,14,12,0.43
505,15,Thu Jun 14 2018 12:00:21 GMT+0000 (UTC),212,0.07,6,14,12,0.43
506,15,Thu Jun 14 2018 12:00:25 GMT+0000 (UTC),212,0.07,6,14,12,0.43
507,15,Thu Jun 14 2018 12:00:31 GMT+0000 (UTC),212,0.07,6,14,12,0.43
508,15,Thu Jun 14 2018 12:00:56 GMT+0000 (UTC),212,0.07,6,14,12,0.43
509,15,Thu Jun 14 2018 12:01:00 GMT+0000 (UTC),212,0.07,6,14,12,0.43
510,15,Thu Jun 14 2018 12:01:05 GMT+0000 (UTC),212,0.07,6,14,12,0.43
511,15,Thu Jun 14 2018 12:01:10 GMT+0000 (UTC),212,0.07,6,14,12,0.43
512,15,Thu Jun 14 2018 12:01:26 GMT+0000 (UTC),212,0.07,6,14,12,0.43
513,15,Thu Jun 14 2018 12:01:41 GMT+0000 (UTC),212,0.07,6,14,12,0.43
514,15,Thu Jun 14 2018 12:01:50 GMT+0000 (UTC),212,0.07,6,14,12,0.43
515,15,Thu Jun 14 2018 12:01:56 GMT+0000 (UTC),212,0.07,6,14,12,0.43
516,15,Thu Jun 14 2018 12:02:00 GMT+0000 (UTC),212,0.07,6,14,12,0.43
517,15,Thu Jun 14 2018 12:02:11 GMT+0000 (UTC),212,0.07,6,14,12,0.43
518,15,Thu Jun 14 2018 12:02:20 GMT+0000 (UTC),212,0.07,6,14,12,0.43
519,15,Thu Jun 14 2018 12:02:36 GMT+0000 (UTC),212,0.07,6,14,12,0.43
520,15,Thu Jun 14 2018 12:02:45 GMT+0000 (UTC),212,0.07,6,14,12,0.43
521,15,Thu Jun 14 2018 12:02:51 GMT+0000 (UTC),212,0.07,6,14,12,0.43
522,15,Thu Jun 14 2018 12:03:01 GMT+0000 (UTC),212,0.07,6,14,12,0.43
523,15,Thu Jun 14 2018 12:03:06 GMT+0000 (UTC),212,0.07,6,14,12,0.43
524,15,Thu Jun 14 2018 12:03:56 GMT+0000 (UTC),212,0.07,6,14,12,0.43
525,15,Thu Jun 14 2018 12:04:01 GMT+0000 (UTC),212,0.07,6,14,12,0.43
526,15,Thu Jun 14 2018 12:04:31 GMT+0000 (UTC),212,0.07,6,14,12,0.43
527,15,Thu Jun 14 2018 12:04:41 GMT+0000 (UTC),212,0.07,6,14,12,0.43
528,15,Thu Jun 14 2018 12:04:56 GMT+0000 (UTC),212,0.07,6,14,12,0.43
529,15,Thu Jun 14 2018 12:05:06 GMT+0000 (UTC),212,0.07,6,14,12,0.43
530,15,Thu Jun 14 2018 12:05:11 GMT+0000 (UTC),212,0.07,6,14,12,0.43
531,15,Thu Jun 14 2018 12:05:16 GMT+0000 (UTC),212,0.07,6,14,12,0.43
532,15,Thu Jun 14 2018 12:05:21 GMT+0000 (UTC),212,0.07,6,14,12,0.43
533,15,Thu Jun 14 2018 12:05:31 GMT+0000 (UTC),212,0.07,6,14,12,0.43
534,15,Thu Jun 14 2018 12:05:36 GMT+0000 (UTC),212,0.07,6,14,12,0.43
535,15,Thu Jun 14 2018 12:05:46 GMT+0000 (UTC),212,0.07,6,14,12,0.43
536,15,Thu Jun 14 2018 12:05:51 GMT+0000 (UTC),212,0.07,6,14,12,0.43
537,15,Thu Jun 14 2018 12:05:56 GMT+0000 (UTC),212,0.07,6,14,12,0.43
538,15,Thu Jun 14 2018 12:06:01 GMT+0000 (UTC),212,0.07,6,14,12,0.43
539,15,Thu Jun 14 2018 12:06:11 GMT+0000 (UTC),212,0.07,6,14,12,0.43
540,15,Thu Jun 14 2018 12:06:26 GMT+0000 (UTC),212,0.07,6,14,12,0.43
541,15,Thu Jun 14 2018 12:06:41 GMT+0000 (UTC),212,0.07,6,14,12,0.43
542,15,Thu Jun 14 2018 12:06:51 GMT+0000 (UTC),212,0.07,6,14,12,0.43
543,15,Thu Jun 14 2018 12:06:56 GMT+0000 (UTC),212,0.07,6,14,12,0.43
544,15,Thu Jun 14 2018 12:07:01 GMT+0000 (UTC),212,0.07,6,14,12,0.43
545,15,Thu Jun 14 2018 12:07:11 GMT+0000 (UTC),212,0.07,6,14,12,0.43
546,15,Thu Jun 14 2018 12:07:16 GMT+0000 (UTC),212,0.07,6,14,12,0.43
547,15,Thu Jun 14 2018 12:07:21 GMT+0000 (UTC),212,0.07,6,14,12,0.43
548,15,Thu Jun 14 2018 12:07:31 GMT+0000 (UTC),212,0.07,6,14,12,0.43
549,15,Thu Jun 14 2018 12:07:36 GMT+0000 (UTC),212,0.07,6,14,12,0.43
550,15,Thu Jun 14 2018 12:07:46 GMT+0000 (UTC),212,0.07,6,14,12,0.43
551,15,Thu Jun 14 2018 12:08:01 GMT+0000 (UTC),212,0.07,6,14,12,0.43
552,15,Thu Jun 14 2018 12:08:11 GMT+0000 (UTC),212,0.07,6,14,12,0.43
553,15,Thu Jun 14 2018 12:08:21 GMT+0000 (UTC),212,0.07,6,14,12,0.43
554,15,Thu Jun 14 2018 12:08:26 GMT+0000 (UTC),212,0.07,6,14,12,0.43
555,15,Thu Jun 14 2018 12:08:31 GMT+0000 (UTC),212,0.07,6,14,12,0.43
556,15,Thu Jun 14 2018 12:08:41 GMT+0000 (UTC),212,0.07,6,14,12,0.43
557,15,Thu Jun 14 2018 12:08:46 GMT+0000 (UTC),212,0.07,6,14,12,0.43
558,15,Thu Jun 14 2018 12:08:51 GMT+0000 (UTC),212,0.07,6,14,12,0.43
559,15,Thu Jun 14 2018 12:08:56 GMT+0000 (UTC),212,0.07,6,14,12,0.43
560,15,Thu Jun 14 2018 12:09:01 GMT+0000 (UTC),212,0.07,6,14,12,0.43
561,15,Thu Jun 14 2018 12:09:16 GMT+0000 (UTC),212,0.07,6,14,12,0.43
562,15,Thu Jun 14 2018 12:09:26 GMT+0000 (UTC),212,0.07,6,14,12,0.43
563,15,Thu Jun 14 2018 12:09:41 GMT+0000 (UTC),212,0.07,6,14,12,0.43
564,15,Thu Jun 14 2018 12:09:56 GMT+0000 (UTC),212,0.07,6,14,12,0.43
565,15,Thu Jun 14 2018 12:10:01 GMT+0000 (UTC),212,0.07,6,14,12,0.43
566,15,Thu Jun 14 2018 12:10:06 GMT+0000 (UTC),212,0.07,6,14,12,0.43
567,15,Thu Jun 14 2018 12:10:11 GMT+0000 (UTC),212,0.07,6,14,12,0.43
568,15,Thu Jun 14 2018 12:10:26 GMT+0000 (UTC),212,0.07,6,14,12,0.43
569,15,Thu Jun 14 2018 12:10:36 GMT+0000 (UTC),212,0.07,6,14,12,0.43
570,15,Thu Jun 14 2018 12:10:51 GMT+0000 (UTC),212,0.07,6,14,12,0.43
571,15,Thu Jun 14 2018 12:11:01 GMT+0000 (UTC),212,0.07,6,14,12,0.43
572,15,Thu Jun 14 2018 12:11:21 GMT+0000 (UTC),212,0.07,6,14,12,0.43
573,15,Thu Jun 14 2018 12:11:31 GMT+0000 (UTC),212,0.07,6,14,12,0.43
574,15,Thu Jun 14 2018 12:11:46 GMT+0000 (UTC),212,0.07,6,14,12,0.43
575,15,Thu Jun 14 2018 12:12:01 GMT+0000 (UTC),212,0.07,6,14,12,0.43
576,15,Thu Jun 14 2018 12:12:06 GMT+0000 (UTC),212,0.07,6,14,12,0.43
577,15,Thu Jun 14 2018 12:12:16 GMT+0000 (UTC),212,0.07,6,14,12,0.43
578,15,Thu Jun 14 2018 12:12:21 GMT+0000 (UTC),212,0.07,6,14,12,0.43
579,15,Thu Jun 14 2018 12:12:26 GMT+0000 (UTC),212,0.07,6,14,12,0.43
580,15,Thu Jun 14 2018 12:12:33 GMT+0000 (UTC),212,0.07,6,14,12,0.43
581,15,Thu Jun 14 2018 12:12:43 GMT+0000 (UTC),212,0.07,6,14,12,0.43
582,15,Thu Jun 14 2018 12:12:48 GMT+0000 (UTC),212,0.07,6,14,12,0.43
583,15,Thu Jun 14 2018 12:12:53 GMT+0000 (UTC),212,0.07,6,14,12,0.43
584,15,Thu Jun 14 2018 12:13:03 GMT+0000 (UTC),212,0.07,6,14,12,0.43
585,15,Thu Jun 14 2018 12:13:08 GMT+0000 (UTC),212,0.07,6,14,12,0.43
586,15,Thu Jun 14 2018 12:13:13 GMT+0000 (UTC),212,0.07,6,14,12,0.43
587,15,Thu Jun 14 2018 12:13:23 GMT+0000 (UTC),212,0.07,6,14,12,0.43
588,15,Thu Jun 14 2018 12:13:28 GMT+0000 (UTC),212,0.07,6,14,12,0.43
589,15,Thu Jun 14 2018 12:13:33 GMT+0000 (UTC),212,0.07,6,14,12,0.43
590,15,Thu Jun 14 2018 12:13:38 GMT+0000 (UTC),212,0.07,6,14,12,0.43
591,15,Thu Jun 14 2018 12:13:43 GMT+0000 (UTC),212,0.07,6,14,12,0.43
592,15,Thu Jun 14 2018 12:13:53 GMT+0000 (UTC),212,0.07,6,14,12,0.43
593,15,Thu Jun 14 2018 12:13:58 GMT+0000 (UTC),212,0.07,6,14,12,0.43
594,15,Thu Jun 14 2018 12:14:13 GMT+0000 (UTC),212,0.07,6,14,12,0.43
595,15,Thu Jun 14 2018 12:14:18 GMT+0000 (UTC),212,0.07,6,14,12,0.43
596,15,Thu Jun 14 2018 12:14:28 GMT+0000 (UTC),212,0.07,6,14,12,0.43
597,15,Thu Jun 14 2018 12:14:58 GMT+0000 (UTC),212,0.07,6,14,12,0.43
598,15,Thu Jun 14 2018 12:15:03 GMT+0000 (UTC),212,0.07,6,14,12,0.43
599,15,Thu Jun 14 2018 12:15:13 GMT+0000 (UTC),212,0.07,6,14,12,0.43
600,15,Thu Jun 14 2018 12:15:18 GMT+0000 (UTC),212,0.07,6,14,12,0.43
601,15,Thu Jun 14 2018 12:15:43 GMT+0000 (UTC),212,0.07,6,14,12,0.43
602,15,Thu Jun 14 2018 12:15:48 GMT+0000 (UTC),212,0.07,6,14,12,0.43
603,15,Thu Jun 14 2018 12:15:58 GMT+0000 (UTC),212,0.07,6,14,12,0.43
604,15,Thu Jun 14 2018 12:16:03 GMT+0000 (UTC),212,0.07,6,14,12,0.43
605,15,Thu Jun 14 2018 12:16:18 GMT+0000 (UTC),212,0.07,6,14,12,0.43
606,15,Thu Jun 14 2018 12:16:28 GMT+0000 (UTC),212,0.07,6,14,12,0.43
607,15,Thu Jun 14 2018 12:16:33 GMT+0000 (UTC),212,0.07,6,14,12,0.43
608,15,Thu Jun 14 2018 12:16:48 GMT+0000 (UTC),212,0.07,6,14,12,0.43
609,15,Thu Jun 14 2018 12:16:58 GMT+0000 (UTC),212,0.07,6,14,12,0.43
610,15,Thu Jun 14 2018 12:17:03 GMT+0000 (UTC),212,0.07,6,14,12,0.43
611,15,Thu Jun 14 2018 12:17:08 GMT+0000 (UTC),212,0.07,6,14,12,0.43
612,15,Thu Jun 14 2018 12:17:13 GMT+0000 (UTC),212,0.07,6,14,12,0.43
613,15,Thu Jun 14 2018 12:17:18 GMT+0000 (UTC),212,0.07,6,14,12,0.43
614,15,Thu Jun 14 2018 12:17:43 GMT+0000 (UTC),212,0.07,6,14,12,0.43
615,15,Thu Jun 14 2018 12:17:58 GMT+0000 (UTC),212,0.07,6,14,12,0.43
616,15,Thu Jun 14 2018 12:18:08 GMT+0000 (UTC),212,0.07,6,14,12,0.43
617,15,Thu Jun 14 2018 12:18:18 GMT+0000 (UTC),212,0.07,6,14,12,0.43
618,15,Thu Jun 14 2018 12:18:23 GMT+0000 (UTC),212,0.07,6,14,12,0.43
619,15,Thu Jun 14 2018 12:18:33 GMT+0000 (UTC),212,0.07,6,14,12,0.43
620,15,Thu Jun 14 2018 12:18:38 GMT+0000 (UTC),212,0.07,6,14,12,0.43
621,15,Thu Jun 14 2018 12:18:43 GMT+0000 (UTC),212,0.07,6,14,12,0.43
622,15,Thu Jun 14 2018 12:18:48 GMT+0000 (UTC),212,0.07,6,14,12,0.43
623,15,Thu Jun 14 2018 12:18:53 GMT+0000 (UTC),212,0.07,6,14,12,0.43
624,15,Thu Jun 14 2018 12:19:03 GMT+0000 (UTC),212,0.07,6,14,12,0.43
625,15,Thu Jun 14 2018 12:19:08 GMT+0000 (UTC),212,0.07,6,14,12,0.43
626,15,Thu Jun 14 2018 12:19:13 GMT+0000 (UTC),212,0.07,6,14,12,0.43
627,15,Thu Jun 14 2018 12:19:23 GMT+0000 (UTC),212,0.07,6,14,12,0.43
628,15,Thu Jun 14 2018 12:19:28 GMT+0000 (UTC),212,0.07,6,14,12,0.43
629,15,Thu Jun 14 2018 12:19:33 GMT+0000 (UTC),212,0.07,6,14,12,0.43
630,15,Thu Jun 14 2018 12:19:43 GMT+0000 (UTC),212,0.07,6,14,12,0.43
631,15,Thu Jun 14 2018 12:19:53 GMT+0000 (UTC),212,0.07,6,14,12,0.43
632,15,Thu Jun 14 2018 12:19:58 GMT+0000 (UTC),212,0.07,6,14,12,0.43
633,15,Thu Jun 14 2018 12:20:13 GMT+0000 (UTC),212,0.07,6,14,12,0.43
634,15,Thu Jun 14 2018 12:20:18 GMT+0000 (UTC),212,0.07,6,14,12,0.43
635,15,Thu Jun 14 2018 12:20:23 GMT+0000 (UTC),212,0.07,6,14,12,0.43
636,15,Thu Jun 14 2018 12:20:28 GMT+0000 (UTC),212,0.07,6,14,12,0.43
637,15,Thu Jun 14 2018 12:20:33 GMT+0000 (UTC),212,0.07,6,14,12,0.43
638,15,Thu Jun 14 2018 12:20:38 GMT+0000 (UTC),212,0.07,6,14,12,0.43
639,15,Thu Jun 14 2018 12:20:48 GMT+0000 (UTC),212,0.07,6,14,12,0.43
640,15,Thu Jun 14 2018 12:21:13 GMT+0000 (UTC),212,0.07,6,14,12,0.43
641,15,Thu Jun 14 2018 12:21:18 GMT+0000 (UTC),212,0.07,6,14,12,0.43
642,15,Thu Jun 14 2018 12:21:23 GMT+0000 (UTC),212,0.07,6,14,12,0.43
643,15,Thu Jun 14 2018 12:21:28 GMT+0000 (UTC),212,0.07,6,14,12,0.43
644,15,Thu Jun 14 2018 12:21:33 GMT+0000 (UTC),212,0.07,6,14,12,0.43
645,15,Thu Jun 14 2018 12:21:43 GMT+0000 (UTC),212,0.07,6,14,12,0.43
646,15,Thu Jun 14 2018 12:22:03 GMT+0000 (UTC),212,0.07,6,14,12,0.43
647,15,Thu Jun 14 2018 12:22:43 GMT+0000 (UTC),212,0.07,6,14,12,0.43
648,15,Thu Jun 14 2018 12:22:53 GMT+0000 (UTC),212,0.07,6,14,12,0.43
649,15,Thu Jun 14 2018 12:22:58 GMT+0000 (UTC),212,0.07,6,14,12,0.43
650,15,Thu Jun 14 2018 12:23:03 GMT+0000 (UTC),212,0.07,6,14,12,0.43
651,15,Thu Jun 14 2018 12:23:08 GMT+0000 (UTC),212,0.07,6,14,12,0.43
652,15,Thu Jun 14 2018 12:23:13 GMT+0000 (UTC),212,0.07,6,14,12,0.43
653,15,Thu Jun 14 2018 12:23:23 GMT+0000 (UTC),212,0.07,6,14,12,0.43
654,15,Thu Jun 14 2018 12:23:33 GMT+0000 (UTC),212,0.07,6,14,12,0.43
655,15,Thu Jun 14 2018 12:23:38 GMT+0000 (UTC),212,0.07,6,14,12,0.43
656,15,Thu Jun 14 2018 12:23:43 GMT+0000 (UTC),212,0.07,6,14,12,0.43
657,15,Thu Jun 14 2018 12:23:48 GMT+0000 (UTC),212,0.07,6,14,12,0.43
658,15,Thu Jun 14 2018 12:23:58 GMT+0000 (UTC),212,0.07,6,14,12,0.43
659,15,Thu Jun 14 2018 12:24:03 GMT+0000 (UTC),212,0.07,6,14,12,0.43
660,15,Thu Jun 14 2018 12:24:33 GMT+0000 (UTC),212,0.07,6,14,12,0.43
661,15,Thu Jun 14 2018 12:24:43 GMT+0000 (UTC),212,0.07,6,14,12,0.43
662,15,Thu Jun 14 2018 12:24:58 GMT+0000 (UTC),212,0.07,6,14,12,0.43
663,15,Thu Jun 14 2018 12:25:08 GMT+0000 (UTC),212,0.07,6,14,12,0.43
664,15,Thu Jun 14 2018 12:25:13 GMT+0000 (UTC),212,0.07,6,14,12,0.43
665,15,Thu Jun 14 2018 12:25:18 GMT+0000 (UTC),212,0.07,6,14,12,0.43
666,15,Thu Jun 14 2018 12:25:23 GMT+0000 (UTC),212,0.07,6,14,12,0.43
667,15,Thu Jun 14 2018 12:25:38 GMT+0000 (UTC),212,0.07,6,14,12,0.43
668,15,Thu Jun 14 2018 12:25:43 GMT+0000 (UTC),212,0.07,6,14,12,0.43
669,15,Thu Jun 14 2018 12:25:48 GMT+0000 (UTC),212,0.07,6,14,12,0.43
670,15,Thu Jun 14 2018 12:25:53 GMT+0000 (UTC),212,0.07,6,14,12,0.43
671,15,Thu Jun 14 2018 12:25:58 GMT+0000 (UTC),212,0.07,6,14,12,0.43
672,15,Thu Jun 14 2018 12:26:08 GMT+0000 (UTC),212,0.07,6,14,12,0.43
673,15,Thu Jun 14 2018 12:26:13 GMT+0000 (UTC),212,0.07,6,14,12,0.43
674,15,Thu Jun 14 2018 12:26:18 GMT+0000 (UTC),212,0.07,6,14,12,0.43
675,15,Thu Jun 14 2018 12:26:28 GMT+0000 (UTC),212,0.07,6,14,12,0.43
676,15,Thu Jun 14 2018 12:26:53 GMT+0000 (UTC),212,0.07,6,14,12,0.43
677,15,Thu Jun 14 2018 12:27:13 GMT+0000 (UTC),212,0.07,6,14,12,0.43
678,15,Thu Jun 14 2018 12:27:28 GMT+0000 (UTC),212,0.07,6,14,12,0.43
679,15,Thu Jun 14 2018 12:27:33 GMT+0000 (UTC),212,0.07,6,14,12,0.43
680,15,Thu Jun 14 2018 12:27:38 GMT+0000 (UTC),212,0.07,6,14,12,0.43
681,15,Thu Jun 14 2018 12:27:48 GMT+0000 (UTC),212,0.07,6,14,12,0.43
682,15,Thu Jun 14 2018 12:27:58 GMT+0000 (UTC),212,0.07,6,14,12,0.43
683,15,Thu Jun 14 2018 12:28:08 GMT+0000 (UTC),212,0.07,6,14,12,0.43
684,15,Thu Jun 14 2018 12:28:13 GMT+0000 (UTC),212,0.07,6,14,12,0.43
685,15,Thu Jun 14 2018 12:28:23 GMT+0000 (UTC),212,0.07,6,14,12,0.43
686,15,Thu Jun 14 2018 12:28:28 GMT+0000 (UTC),212,0.07,6,14,12,0.43
687,15,Thu Jun 14 2018 12:28:33 GMT+0000 (UTC),212,0.07,6,14,12,0.43
688,15,Thu Jun 14 2018 12:28:38 GMT+0000 (UTC),212,0.07,6,14,12,0.43
689,15,Thu Jun 14 2018 12:28:48 GMT+0000 (UTC),212,0.07,6,14,12,0.43
690,15,Thu Jun 14 2018 12:28:58 GMT+0000 (UTC),212,0.07,6,14,12,0.43
691,15,Thu Jun 14 2018 12:29:03 GMT+0000 (UTC),212,0.07,6,14,12,0.43
692,15,Thu Jun 14 2018 12:29:13 GMT+0000 (UTC),212,0.07,6,14,12,0.43
693,15,Thu Jun 14 2018 12:29:18 GMT+0000 (UTC),212,0.07,6,14,12,0.43
694,15,Thu Jun 14 2018 12:29:23 GMT+0000 (UTC),212,0.07,6,14,12,0.43
695,15,Thu Jun 14 2018 12:29:33 GMT+0000 (UTC),212,0.07,6,14,12,0.43
696,15,Thu Jun 14 2018 12:29:43 GMT+0000 (UTC),212,0.07,6,14,12,0.43
697,15,Thu Jun 14 2018 12:29:48 GMT+0000 (UTC),212,0.07,6,14,12,0.43
698,15,Thu Jun 14 2018 12:29:58 GMT+0000 (UTC),212,0.07,6,14,12,0.43
699,15,Thu Jun 14 2018 12:30:03 GMT+0000 (UTC),212,0.07,6,14,12,0.43
700,15,Thu Jun 14 2018 12:30:13 GMT+0000 (UTC),212,0.07,6,14,12,0.43
701,15,Thu Jun 14 2018 12:30:28 GMT+0000 (UTC),212,0.07,6,14,12,0.43
702,8,Thu Jun 14 2018 12:30:41 GMT+0000 (UTC),212,0.03,6,6,0,1
703,15,Thu Jun 14 2018 12:30:33 GMT+0000 (UTC),212,0.07,6,14,12,0.43
704,15,Thu Jun 14 2018 12:30:38 GMT+0000 (UTC),212,0.07,6,14,12,0.43
705,15,Thu Jun 14 2018 12:30:58 GMT+0000 (UTC),212,0.07,6,14,12,0.43
706,15,Thu Jun 14 2018 12:31:03 GMT+0000 (UTC),212,0.07,6,14,12,0.43
707,15,Thu Jun 14 2018 12:31:18 GMT+0000 (UTC),212,0.07,6,14,12,0.43
708,15,Thu Jun 14 2018 12:31:23 GMT+0000 (UTC),212,0.07,6,14,12,0.43
709,15,Thu Jun 14 2018 12:31:28 GMT+0000 (UTC),212,0.07,6,14,12,0.43
710,15,Thu Jun 14 2018 12:31:43 GMT+0000 (UTC),212,0.07,6,14,12,0.43
711,15,Thu Jun 14 2018 12:31:53 GMT+0000 (UTC),212,0.07,6,14,12,0.43
712,15,Thu Jun 14 2018 12:32:08 GMT+0000 (UTC),212,0.07,6,14,12,0.43
713,15,Thu Jun 14 2018 12:32:13 GMT+0000 (UTC),212,0.07,6,14,12,0.43
714,15,Thu Jun 14 2018 12:32:18 GMT+0000 (UTC),212,0.07,6,14,12,0.43
715,15,Thu Jun 14 2018 12:32:28 GMT+0000 (UTC),212,0.07,6,14,12,0.43
716,15,Thu Jun 14 2018 12:32:33 GMT+0000 (UTC),212,0.07,6,14,12,0.43
717,15,Thu Jun 14 2018 12:32:38 GMT+0000 (UTC),212,0.07,6,14,12,0.43
718,15,Thu Jun 14 2018 12:32:48 GMT+0000 (UTC),212,0.07,6,14,12,0.43
719,15,Thu Jun 14 2018 12:32:58 GMT+0000 (UTC),212,0.07,6,14,12,0.43
720,15,Thu Jun 14 2018 12:33:03 GMT+0000 (UTC),212,0.07,6,14,12,0.43
721,15,Thu Jun 14 2018 12:33:09 GMT+0000 (UTC),212,0.07,6,14,12,0.43
722,15,Thu Jun 14 2018 12:33:28 GMT+0000 (UTC),212,0.07,6,14,12,0.43
723,15,Thu Jun 14 2018 12:33:33 GMT+0000 (UTC),212,0.07,6,14,12,0.43
724,15,Thu Jun 14 2018 12:33:38 GMT+0000 (UTC),212,0.07,6,14,12,0.43
725,15,Thu Jun 14 2018 12:33:43 GMT+0000 (UTC),212,0.07,6,14,12,0.43
726,15,Thu Jun 14 2018 12:33:58 GMT+0000 (UTC),212,0.07,6,14,12,0.43
727,15,Thu Jun 14 2018 12:34:08 GMT+0000 (UTC),212,0.07,6,14,12,0.43
728,15,Thu Jun 14 2018 12:34:18 GMT+0000 (UTC),212,0.07,6,14,12,0.43
729,15,Thu Jun 14 2018 12:34:24 GMT+0000 (UTC),212,0.07,6,14,12,0.43
730,15,Thu Jun 14 2018 12:34:28 GMT+0000 (UTC),212,0.07,6,14,12,0.43
731,15,Thu Jun 14 2018 12:34:33 GMT+0000 (UTC),212,0.07,6,14,12,0.43
732,15,Thu Jun 14 2018 12:34:44 GMT+0000 (UTC),212,0.07,6,14,12,0.43
733,15,Thu Jun 14 2018 12:34:49 GMT+0000 (UTC),212,0.07,6,14,12,0.43
734,15,Thu Jun 14 2018 12:34:53 GMT+0000 (UTC),212,0.07,6,14,12,0.43
735,15,Thu Jun 14 2018 12:35:03 GMT+0000 (UTC),212,0.07,6,14,12,0.43
736,15,Thu Jun 14 2018 12:35:13 GMT+0000 (UTC),212,0.07,6,14,12,0.43
737,15,Thu Jun 14 2018 12:35:23 GMT+0000 (UTC),212,0.07,6,14,12,0.43
738,15,Thu Jun 14 2018 12:35:29 GMT+0000 (UTC),212,0.07,6,14,12,0.43
739,15,Thu Jun 14 2018 12:35:33 GMT+0000 (UTC),212,0.07,6,14,12,0.43
740,15,Thu Jun 14 2018 12:35:38 GMT+0000 (UTC),212,0.07,6,14,12,0.43
741,15,Thu Jun 14 2018 12:36:18 GMT+0000 (UTC),212,0.07,6,14,12,0.43
742,15,Thu Jun 14 2018 12:36:28 GMT+0000 (UTC),212,0.07,6,14,12,0.43
743,15,Thu Jun 14 2018 12:36:33 GMT+0000 (UTC),212,0.07,6,14,12,0.43
744,15,Thu Jun 14 2018 12:36:39 GMT+0000 (UTC),212,0.07,6,14,12,0.43
745,15,Thu Jun 14 2018 12:36:43 GMT+0000 (UTC),212,0.07,6,14,12,0.43
746,15,Thu Jun 14 2018 12:36:59 GMT+0000 (UTC),212,0.07,6,14,12,0.43
747,15,Thu Jun 14 2018 12:37:04 GMT+0000 (UTC),212,0.07,6,14,12,0.43
748,15,Thu Jun 14 2018 12:37:13 GMT+0000 (UTC),212,0.07,6,14,12,0.43
749,15,Thu Jun 14 2018 12:37:19 GMT+0000 (UTC),212,0.07,6,14,12,0.43
750,15,Thu Jun 14 2018 12:37:23 GMT+0000 (UTC),212,0.07,6,14,12,0.43
751,15,Thu Jun 14 2018 12:37:34 GMT+0000 (UTC),212,0.07,6,14,12,0.43
752,15,Thu Jun 14 2018 12:37:38 GMT+0000 (UTC),212,0.07,6,14,12,0.43
753,15,Thu Jun 14 2018 12:37:43 GMT+0000 (UTC),212,0.07,6,14,12,0.43
754,15,Thu Jun 14 2018 12:38:04 GMT+0000 (UTC),212,0.07,6,14,12,0.43
755,15,Thu Jun 14 2018 12:38:08 GMT+0000 (UTC),212,0.07,6,14,12,0.43
756,15,Thu Jun 14 2018 12:38:18 GMT+0000 (UTC),212,0.07,6,14,12,0.43
757,15,Thu Jun 14 2018 12:38:23 GMT+0000 (UTC),212,0.07,6,14,12,0.43
758,15,Thu Jun 14 2018 12:38:34 GMT+0000 (UTC),212,0.07,6,14,12,0.43
759,15,Thu Jun 14 2018 12:38:39 GMT+0000 (UTC),212,0.07,6,14,12,0.43
760,15,Thu Jun 14 2018 12:38:48 GMT+0000 (UTC),212,0.07,6,14,12,0.43
761,15,Thu Jun 14 2018 12:39:04 GMT+0000 (UTC),212,0.07,6,14,12,0.43
762,15,Thu Jun 14 2018 12:39:14 GMT+0000 (UTC),212,0.07,6,14,12,0.43
763,15,Thu Jun 14 2018 12:39:18 GMT+0000 (UTC),212,0.07,6,14,12,0.43
764,15,Thu Jun 14 2018 12:39:38 GMT+0000 (UTC),212,0.07,6,14,12,0.43
765,15,Thu Jun 14 2018 12:39:44 GMT+0000 (UTC),212,0.07,6,14,12,0.43
766,15,Thu Jun 14 2018 12:39:48 GMT+0000 (UTC),212,0.07,6,14,12,0.43
767,15,Thu Jun 14 2018 12:39:53 GMT+0000 (UTC),212,0.07,6,14,12,0.43
768,15,Thu Jun 14 2018 12:40:03 GMT+0000 (UTC),212,0.07,6,14,12,0.43
769,15,Thu Jun 14 2018 12:40:08 GMT+0000 (UTC),212,0.07,6,14,12,0.43
770,15,Thu Jun 14 2018 12:40:13 GMT+0000 (UTC),212,0.07,6,14,12,0.43
771,15,Thu Jun 14 2018 12:40:18 GMT+0000 (UTC),212,0.07,6,14,12,0.43
772,15,Thu Jun 14 2018 12:40:29 GMT+0000 (UTC),212,0.07,6,14,12,0.43
773,15,Thu Jun 14 2018 12:40:33 GMT+0000 (UTC),212,0.07,6,14,12,0.43
774,15,Thu Jun 14 2018 12:40:38 GMT+0000 (UTC),212,0.07,6,14,12,0.43
775,15,Thu Jun 14 2018 12:40:43 GMT+0000 (UTC),212,0.07,6,14,12,0.43
776,15,Thu Jun 14 2018 12:40:48 GMT+0000 (UTC),212,0.07,6,14,12,0.43
777,15,Thu Jun 14 2018 12:40:53 GMT+0000 (UTC),212,0.07,6,14,12,0.43
778,15,Thu Jun 14 2018 12:40:59 GMT+0000 (UTC),212,0.07,6,14,12,0.43
779,15,Thu Jun 14 2018 12:41:08 GMT+0000 (UTC),212,0.07,6,14,12,0.43
780,15,Thu Jun 14 2018 12:41:24 GMT+0000 (UTC),212,0.07,6,14,12,0.43
781,15,Thu Jun 14 2018 12:41:33 GMT+0000 (UTC),212,0.07,6,14,12,0.43
782,15,Thu Jun 14 2018 12:41:49 GMT+0000 (UTC),212,0.07,6,14,12,0.43
783,15,Thu Jun 14 2018 12:41:53 GMT+0000 (UTC),212,0.07,6,14,12,0.43
784,15,Thu Jun 14 2018 12:41:58 GMT+0000 (UTC),212,0.07,6,14,12,0.43
785,15,Thu Jun 14 2018 12:43:04 GMT+0000 (UTC),212,0.07,6,14,12,0.43
786,15,Thu Jun 14 2018 12:43:08 GMT+0000 (UTC),212,0.07,6,14,12,0.43
787,15,Thu Jun 14 2018 12:43:14 GMT+0000 (UTC),212,0.07,6,14,12,0.43
788,15,Thu Jun 14 2018 12:43:18 GMT+0000 (UTC),212,0.07,6,14,12,0.43
789,15,Thu Jun 14 2018 12:43:28 GMT+0000 (UTC),212,0.07,6,14,12,0.43
790,15,Thu Jun 14 2018 12:43:44 GMT+0000 (UTC),212,0.07,6,14,12,0.43
791,15,Thu Jun 14 2018 12:43:48 GMT+0000 (UTC),212,0.07,6,14,12,0.43
792,15,Thu Jun 14 2018 12:43:53 GMT+0000 (UTC),212,0.07,6,14,12,0.43
793,15,Thu Jun 14 2018 12:43:58 GMT+0000 (UTC),212,0.07,6,14,12,0.43
794,15,Thu Jun 14 2018 12:44:23 GMT+0000 (UTC),212,0.07,6,14,12,0.43
795,15,Thu Jun 14 2018 12:44:39 GMT+0000 (UTC),212,0.07,6,14,12,0.43
796,15,Thu Jun 14 2018 12:44:44 GMT+0000 (UTC),212,0.07,6,14,12,0.43
797,15,Thu Jun 14 2018 12:44:53 GMT+0000 (UTC),212,0.07,6,14,12,0.43
798,15,Thu Jun 14 2018 12:45:08 GMT+0000 (UTC),212,0.07,6,14,12,0.43
799,15,Thu Jun 14 2018 12:45:19 GMT+0000 (UTC),212,0.07,6,14,12,0.43
800,15,Thu Jun 14 2018 12:45:29 GMT+0000 (UTC),212,0.07,6,14,12,0.43
801,15,Thu Jun 14 2018 12:45:49 GMT+0000 (UTC),212,0.07,6,14,12,0.43
802,15,Thu Jun 14 2018 12:45:53 GMT+0000 (UTC),212,0.07,6,14,12,0.43
803,15,Thu Jun 14 2018 12:46:03 GMT+0000 (UTC),212,0.07,6,14,12,0.43
804,15,Thu Jun 14 2018 12:46:08 GMT+0000 (UTC),212,0.07,6,14,12,0.43
805,15,Thu Jun 14 2018 12:46:34 GMT+0000 (UTC),212,0.07,6,14,12,0.43
806,15,Thu Jun 14 2018 12:46:39 GMT+0000 (UTC),212,0.07,6,14,12,0.43
807,15,Thu Jun 14 2018 12:47:04 GMT+0000 (UTC),212,0.07,6,14,12,0.43
808,15,Thu Jun 14 2018 12:47:18 GMT+0000 (UTC),212,0.07,6,14,12,0.43
809,15,Thu Jun 14 2018 12:47:24 GMT+0000 (UTC),212,0.07,6,14,12,0.43
810,15,Thu Jun 14 2018 12:48:03 GMT+0000 (UTC),212,0.07,6,14,12,0.43
811,15,Thu Jun 14 2018 12:48:14 GMT+0000 (UTC),212,0.07,6,14,12,0.43
812,15,Thu Jun 14 2018 12:48:19 GMT+0000 (UTC),212,0.07,6,14,12,0.43
813,15,Thu Jun 14 2018 12:48:28 GMT+0000 (UTC),212,0.07,6,14,12,0.43
814,15,Thu Jun 14 2018 12:48:48 GMT+0000 (UTC),212,0.07,6,14,12,0.43
815,15,Thu Jun 14 2018 12:48:53 GMT+0000 (UTC),212,0.07,6,14,12,0.43
816,15,Thu Jun 14 2018 12:49:09 GMT+0000 (UTC),212,0.07,6,14,12,0.43
817,15,Thu Jun 14 2018 12:49:14 GMT+0000 (UTC),212,0.07,6,14,12,0.43
818,15,Thu Jun 14 2018 12:49:19 GMT+0000 (UTC),212,0.07,6,14,12,0.43
819,15,Thu Jun 14 2018 12:49:59 GMT+0000 (UTC),212,0.07,6,14,12,0.43
820,15,Thu Jun 14 2018 12:50:04 GMT+0000 (UTC),212,0.07,6,14,12,0.43
821,15,Thu Jun 14 2018 12:50:14 GMT+0000 (UTC),212,0.07,6,14,12,0.43
822,15,Thu Jun 14 2018 12:50:19 GMT+0000 (UTC),212,0.07,6,14,12,0.43
823,15,Thu Jun 14 2018 12:50:59 GMT+0000 (UTC),212,0.07,6,14,12,0.43
824,15,Thu Jun 14 2018 12:51:19 GMT+0000 (UTC),212,0.07,6,14,12,0.43
825,15,Thu Jun 14 2018 12:52:09 GMT+0000 (UTC),212,0.07,6,14,12,0.43
826,15,Thu Jun 14 2018 12:52:19 GMT+0000 (UTC),212,0.07,6,14,12,0.43
827,15,Thu Jun 14 2018 12:52:54 GMT+0000 (UTC),212,0.07,6,14,12,0.43
828,15,Thu Jun 14 2018 12:53:04 GMT+0000 (UTC),212,0.07,6,14,12,0.43
829,15,Thu Jun 14 2018 12:53:29 GMT+0000 (UTC),212,0.07,6,14,12,0.43
830,15,Thu Jun 14 2018 12:54:04 GMT+0000 (UTC),212,0.07,6,14,12,0.43
831,15,Thu Jun 14 2018 12:54:09 GMT+0000 (UTC),212,0.07,6,14,12,0.43
832,15,Thu Jun 14 2018 12:54:19 GMT+0000 (UTC),212,0.07,6,14,12,0.43
833,15,Thu Jun 14 2018 12:55:09 GMT+0000 (UTC),212,0.07,6,14,12,0.43
834,15,Thu Jun 14 2018 12:55:29 GMT+0000 (UTC),212,0.07,6,14,12,0.43
835,15,Thu Jun 14 2018 12:56:24 GMT+0000 (UTC),212,0.07,6,14,12,0.43
836,15,Thu Jun 14 2018 12:57:14 GMT+0000 (UTC),212,0.07,6,14,12,0.43
837,15,Thu Jun 14 2018 12:57:24 GMT+0000 (UTC),212,0.07,6,14,12,0.43
838,15,Thu Jun 14 2018 12:57:39 GMT+0000 (UTC),212,0.07,6,14,12,0.43
839,15,Thu Jun 14 2018 12:57:49 GMT+0000 (UTC),212,0.07,6,14,12,0.43
840,15,Thu Jun 14 2018 12:57:54 GMT+0000 (UTC),212,0.07,6,14,12,0.43
841,15,Thu Jun 14 2018 12:57:59 GMT+0000 (UTC),212,0.07,6,14,12,0.43
842,15,Thu Jun 14 2018 12:59:09 GMT+0000 (UTC),212,0.07,6,14,12,0.43
843,15,Thu Jun 14 2018 12:59:14 GMT+0000 (UTC),212,0.07,6,14,12,0.43
844,15,Thu Jun 14 2018 12:59:39 GMT+0000 (UTC),212,0.07,6,14,12,0.43
845,15,Thu Jun 14 2018 12:59:49 GMT+0000 (UTC),212,0.07,6,14,12,0.43
846,15,Thu Jun 14 2018 13:00:19 GMT+0000 (UTC),212,0.07,6,14,12,0.43
847,15,Thu Jun 14 2018 13:01:09 GMT+0000 (UTC),212,0.07,6,14,12,0.43
848,15,Thu Jun 14 2018 13:01:39 GMT+0000 (UTC),212,0.07,6,14,12,0.43
849,15,Thu Jun 14 2018 13:01:44 GMT+0000 (UTC),212,0.07,6,14,12,0.43
850,15,Thu Jun 14 2018 13:02:24 GMT+0000 (UTC),212,0.07,6,14,12,0.43
851,15,Thu Jun 14 2018 13:02:29 GMT+0000 (UTC),212,0.07,6,14,12,0.43
852,15,Thu Jun 14 2018 13:02:39 GMT+0000 (UTC),212,0.07,6,14,12,0.43
853,15,Thu Jun 14 2018 13:03:04 GMT+0000 (UTC),212,0.07,6,14,12,0.43
854,15,Thu Jun 14 2018 13:03:19 GMT+0000 (UTC),212,0.07,6,14,12,0.43
855,15,Thu Jun 14 2018 13:03:39 GMT+0000 (UTC),212,0.07,6,14,12,0.43
856,15,Thu Jun 14 2018 13:04:09 GMT+0000 (UTC),212,0.07,6,14,12,0.43
857,15,Thu Jun 14 2018 13:04:14 GMT+0000 (UTC),212,0.07,6,14,12,0.43
858,15,Thu Jun 14 2018 13:04:24 GMT+0000 (UTC),212,0.07,6,14,12,0.43
859,15,Thu Jun 14 2018 13:04:39 GMT+0000 (UTC),212,0.07,6,14,12,0.43
860,15,Thu Jun 14 2018 13:05:09 GMT+0000 (UTC),212,0.07,6,14,12,0.43
861,15,Thu Jun 14 2018 13:05:34 GMT+0000 (UTC),212,0.07,6,14,12,0.43
862,15,Thu Jun 14 2018 13:05:49 GMT+0000 (UTC),212,0.07,6,14,12,0.43
863,15,Thu Jun 14 2018 13:05:54 GMT+0000 (UTC),212,0.07,6,14,12,0.43
864,15,Thu Jun 14 2018 13:05:59 GMT+0000 (UTC),212,0.07,6,14,12,0.43
865,15,Thu Jun 14 2018 13:06:04 GMT+0000 (UTC),212,0.07,6,14,12,0.43
866,15,Thu Jun 14 2018 13:06:39 GMT+0000 (UTC),212,0.07,6,14,12,0.43
867,15,Thu Jun 14 2018 13:06:49 GMT+0000 (UTC),212,0.07,6,14,12,0.43
868,15,Thu Jun 14 2018 13:06:59 GMT+0000 (UTC),212,0.07,6,14,12,0.43
869,15,Thu Jun 14 2018 13:07:04 GMT+0000 (UTC),212,0.07,6,14,12,0.43
870,15,Thu Jun 14 2018 13:07:39 GMT+0000 (UTC),212,0.07,6,14,12,0.43
871,15,Thu Jun 14 2018 13:07:54 GMT+0000 (UTC),212,0.07,6,14,12,0.43
872,15,Thu Jun 14 2018 13:08:04 GMT+0000 (UTC),212,0.07,6,14,12,0.43
873,15,Thu Jun 14 2018 13:08:39 GMT+0000 (UTC),212,0.07,6,14,12,0.43
874,15,Thu Jun 14 2018 13:08:44 GMT+0000 (UTC),212,0.07,6,14,12,0.43
875,15,Thu Jun 14 2018 13:08:54 GMT+0000 (UTC),212,0.07,6,14,12,0.43
876,15,Thu Jun 14 2018 13:09:04 GMT+0000 (UTC),212,0.07,6,14,12,0.43
877,15,Thu Jun 14 2018 13:09:09 GMT+0000 (UTC),212,0.07,6,14,12,0.43
878,15,Wed Jun 13 2018 11:40:35 GMT+0000 (UTC),212,0.07,6,14,12,0.43
879,15,Wed Jun 13 2018 11:40:40 GMT+0000 (UTC),212,0.07,6,14,12,0.43
880,15,Wed Jun 13 2018 11:41:10 GMT+0000 (UTC),212,0.07,6,14,12,0.43
881,15,Wed Jun 13 2018 11:41:15 GMT+0000 (UTC),212,0.07,6,14,12,0.43
882,15,Wed Jun 13 2018 11:41:30 GMT+0000 (UTC),212,0.07,6,14,12,0.43
883,15,Wed Jun 13 2018 11:41:35 GMT+0000 (UTC),212,0.07,6,14,12,0.43
884,15,Wed Jun 13 2018 11:41:45 GMT+0000 (UTC),212,0.07,6,14,12,0.43
885,15,Wed Jun 13 2018 11:41:55 GMT+0000 (UTC),212,0.07,6,14,12,0.43
886,15,Wed Jun 13 2018 11:42:05 GMT+0000 (UTC),212,0.07,6,14,12,0.43
887,15,Wed Jun 13 2018 11:42:20 GMT+0000 (UTC),212,0.07,6,14,12,0.43
888,15,Wed Jun 13 2018 11:42:25 GMT+0000 (UTC),212,0.07,6,14,12,0.43
889,15,Wed Jun 13 2018 11:42:30 GMT+0000 (UTC),212,0.07,6,14,12,0.43
890,15,Wed Jun 13 2018 11:42:45 GMT+0000 (UTC),212,0.07,6,14,12,0.43
891,15,Wed Jun 13 2018 11:42:50 GMT+0000 (UTC),212,0.07,6,14,12,0.43
892,15,Wed Jun 13 2018 11:43:00 GMT+0000 (UTC),212,0.07,6,14,12,0.43
893,15,Wed Jun 13 2018 11:43:05 GMT+0000 (UTC),212,0.07,6,14,12,0.43
894,15,Wed Jun 13 2018 11:43:20 GMT+0000 (UTC),212,0.07,6,14,12,0.43
895,15,Wed Jun 13 2018 11:43:35 GMT+0000 (UTC),212,0.07,6,14,12,0.43
896,15,Wed Jun 13 2018 11:43:40 GMT+0000 (UTC),212,0.07,6,14,12,0.43
897,15,Wed Jun 13 2018 11:43:50 GMT+0000 (UTC),212,0.07,6,14,12,0.43
898,15,Wed Jun 13 2018 11:44:00 GMT+0000 (UTC),212,0.07,6,14,12,0.43
899,15,Wed Jun 13 2018 11:44:30 GMT+0000 (UTC),212,0.07,6,14,12,0.43
900,15,Wed Jun 13 2018 11:44:45 GMT+0000 (UTC),212,0.07,6,14,12,0.43
901,15,Wed Jun 13 2018 11:45:20 GMT+0000 (UTC),212,0.07,6,14,12,0.43
902,15,Wed Jun 13 2018 11:45:35 GMT+0000 (UTC),212,0.07,6,14,12,0.43
903,15,Wed Jun 13 2018 11:45:40 GMT+0000 (UTC),212,0.07,6,14,12,0.43
904,15,Wed Jun 13 2018 11:45:45 GMT+0000 (UTC),212,0.07,6,14,12,0.43
905,15,Wed Jun 13 2018 11:46:35 GMT+0000 (UTC),212,0.07,6,14,12,0.43
906,15,Wed Jun 13 2018 11:46:40 GMT+0000 (UTC),212,0.07,6,14,12,0.43
907,15,Wed Jun 13 2018 11:46:45 GMT+0000 (UTC),212,0.07,6,14,12,0.43
908,15,Wed Jun 13 2018 11:46:55 GMT+0000 (UTC),212,0.07,6,14,12,0.43
909,15,Wed Jun 13 2018 11:47:05 GMT+0000 (UTC),212,0.07,6,14,12,0.43
910,15,Wed Jun 13 2018 11:47:10 GMT+0000 (UTC),212,0.07,6,14,12,0.43
911,15,Wed Jun 13 2018 11:47:50 GMT+0000 (UTC),212,0.07,6,14,12,0.43
912,15,Wed Jun 13 2018 11:48:10 GMT+0000 (UTC),212,0.07,6,14,12,0.43
913,15,Wed Jun 13 2018 11:48:20 GMT+0000 (UTC),212,0.07,6,14,12,0.43
914,15,Wed Jun 13 2018 11:49:15 GMT+0000 (UTC),212,0.07,6,14,12,0.43
915,15,Wed Jun 13 2018 11:49:20 GMT+0000 (UTC),212,0.07,6,14,12,0.43
916,15,Wed Jun 13 2018 11:49:30 GMT+0000 (UTC),212,0.07,6,14,12,0.43
917,15,Wed Jun 13 2018 11:49:40 GMT+0000 (UTC),212,0.07,6,14,12,0.43
918,15,Wed Jun 13 2018 11:49:45 GMT+0000 (UTC),212,0.07,6,14,12,0.43
919,15,Wed Jun 13 2018 11:49:55 GMT+0000 (UTC),212,0.07,6,14,12,0.43
920,15,Wed Jun 13 2018 11:50:00 GMT+0000 (UTC),212,0.07,6,14,12,0.43
921,15,Wed Jun 13 2018 11:50:05 GMT+0000 (UTC),212,0.07,6,14,12,0.43
922,15,Wed Jun 13 2018 11:50:10 GMT+0000 (UTC),212,0.07,6,14,12,0.43
923,15,Wed Jun 13 2018 11:50:25 GMT+0000 (UTC),212,0.07,6,14,12,0.43
924,15,Wed Jun 13 2018 11:50:40 GMT+0000 (UTC),212,0.07,6,14,12,0.43
925,15,Wed Jun 13 2018 11:51:00 GMT+0000 (UTC),212,0.07,6,14,12,0.43
926,15,Wed Jun 13 2018 11:51:15 GMT+0000 (UTC),212,0.07,6,14,12,0.43
927,15,Wed Jun 13 2018 11:51:25 GMT+0000 (UTC),212,0.07,6,14,12,0.43
928,15,Wed Jun 13 2018 11:51:45 GMT+0000 (UTC),212,0.07,6,14,12,0.43
929,15,Wed Jun 13 2018 11:51:50 GMT+0000 (UTC),212,0.07,6,14,12,0.43
930,15,Wed Jun 13 2018 11:51:55 GMT+0000 (UTC),212,0.07,6,14,12,0.43
931,15,Wed Jun 13 2018 11:52:00 GMT+0000 (UTC),212,0.07,6,14,12,0.43
932,15,Wed Jun 13 2018 11:52:05 GMT+0000 (UTC),212,0.07,6,14,12,0.43
933,15,Wed Jun 13 2018 11:52:10 GMT+0000 (UTC),212,0.07,6,14,12,0.43
934,15,Wed Jun 13 2018 11:53:15 GMT+0000 (UTC),212,0.07,6,14,12,0.43
935,15,Wed Jun 13 2018 11:53:25 GMT+0000 (UTC),212,0.07,6,14,12,0.43
936,15,Wed Jun 13 2018 11:56:00 GMT+0000 (UTC),212,0.07,6,14,12,0.43
937,15,Wed Jun 13 2018 11:58:40 GMT+0000 (UTC),212,0.07,6,14,12,0.43
938,8,Thu Jun 14 2018 13:13:17 GMT+0000 (UTC),212,0.03,6,6,0,1
939,8,Thu Jun 14 2018 13:21:52 GMT+0000 (UTC),212,0.03,6,6,0,1
940,8,Thu Jun 14 2018 14:09:23 GMT+0000 (UTC),212,0.03,6,6,0,1
941,8,Thu Jun 14 2018 14:14:58 GMT+0000 (UTC),212,0.03,6,6,0,1
942,15,Tue Jun 12 2018 19:48:20 GMT+0000 (UTC),212,0.07,6,14,0,1
943,15,Mon Jun 11 2018 17:06:23 GMT+0000 (UTC),212,0.07,6,15,0,1
944,15,Tue Jun 12 2018 10:12:55 GMT+0000 (UTC),212,0.06,6,0,0,1
945,15,Sun Jun 10 2018 16:31:03 GMT+0000 (UTC),212,0.06,6,0,0,1
946,15,Mon Jun 11 2018 03:48:35 GMT+0000 (UTC),212,0.06,6,0,0,1
947,15,Mon Jun 11 2018 07:47:11 GMT+0000 (UTC),212,0.07,6,0,0,1
948,15,Sat Jun 09 2018 23:34:02 GMT+0000 (UTC),212,0.07,6,15,0,1
949,15,Wed Jun 06 2018 16:19:27 GMT+0000 (UTC),212,0.07,6,0,0,1
950,15,Thu Jun 07 2018 02:59:46 GMT+0000 (UTC),212,0.06,6,12,0,1
951,15,Thu Jun 07 2018 06:25:09 GMT+0000 (UTC),212,0.06,6,13,0,1
952,15,Thu Jun 07 2018 06:27:19 GMT+0000 (UTC),212,0.07,6,14,0,1
953,15,Thu Jun 07 2018 10:13:42 GMT+0000 (UTC),212,0.07,6,15,0,1
954,15,Tue Jun 05 2018 22:13:30 GMT+0000 (UTC),212,0.06,6,12,0,1
955,15,Mon Jun 04 2018 23:59:54 GMT+0000 (UTC),212,0.07,6,0,0,1
956,15,Sun Jun 03 2018 09:37:28 GMT+0000 (UTC),212,0.06,6,13,0,1
957,15,Fri Jun 01 2018 13:16:02 GMT+0000 (UTC),212,0.07,6,14,0,1
958,15,Sat Jun 02 2018 00:04:43 GMT+0000 (UTC),212,0.06,6,13,0,1
959,15,Fri Jun 01 2018 02:42:45 GMT+0000 (UTC),212,0.06,6,12,0,1
960,15,Fri Jun 01 2018 05:28:33 GMT+0000 (UTC),212,0.1,6,0,0,1
961,15,Thu May 31 2018 05:48:30 GMT+0000 (UTC),212,0.07,6,14,0,1
962,8,Thu Jun 14 2018 15:13:08 GMT+0000 (UTC),212,0.03,6,6,0,1
963,15,Tue May 29 2018 12:38:17 GMT+0000 (UTC),212,0.07,6,0,0,1
964,15,Tue May 29 2018 20:15:53 GMT+0000 (UTC),212,0.07,6,0,0,1
965,15,Wed May 30 2018 02:03:22 GMT+0000 (UTC),212,0.07,6,14,0,1
966,15,Wed May 30 2018 03:41:33 GMT+0000 (UTC),212,0.07,6,0,0,1
967,15,Wed May 30 2018 03:55:03 GMT+0000 (UTC),212,0.06,6,0,0,1
968,15,Tue May 29 2018 11:16:11 GMT+0000 (UTC),212,0.07,6,14,0,1
969,8,Thu Jun 14 2018 15:38:39 GMT+0000 (UTC),212,0.03,6,6,0,1
970,8,Thu Jun 14 2018 16:26:19 GMT+0000 (UTC),212,0.03,6,6,0,1
971,8,Thu Jun 14 2018 16:31:24 GMT+0000 (UTC),212,0.03,6,6,0,1
972,8,Thu Jun 14 2018 16:54:05 GMT+0000 (UTC),212,0.03,6,6,0,1
973,8,Thu Jun 14 2018 17:48:05 GMT+0000 (UTC),212,0.03,6,6,0,1
974,8,Thu Jun 14 2018 18:32:06 GMT+0000 (UTC),212,0.03,6,6,0,1
975,8,Thu Jun 14 2018 19:12:06 GMT+0000 (UTC),212,0.03,6,6,0,1
976,8,Thu Jun 14 2018 19:22:07 GMT+0000 (UTC),212,0.03,6,6,0,1
977,8,Thu Jun 14 2018 19:26:27 GMT+0000 (UTC),212,0.03,6,6,0,1
978,8,Thu Jun 14 2018 20:27:22 GMT+0000 (UTC),212,0.03,6,6,0,1
979,8,Thu Jun 14 2018 20:44:13 GMT+0000 (UTC),212,0.03,6,6,0,1
980,8,Thu Jun 14 2018 20:51:13 GMT+0000 (UTC),212,0.03,6,6,0,1
981,8,Thu Jun 14 2018 21:09:03 GMT+0000 (UTC),212,0.03,6,6,0,1
982,8,Thu Jun 14 2018 21:23:53 GMT+0000 (UTC),212,0.03,6,6,0,1
983,8,Thu Jun 14 2018 21:54:03 GMT+0000 (UTC),212,0.03,6,6,0,1
984,8,Thu Jun 14 2018 21:57:03 GMT+0000 (UTC),212,0.03,6,6,0,1
985,8,Thu Jun 14 2018 22:18:34 GMT+0000 (UTC),212,0.03,6,6,0,1
986,8,Thu Jun 14 2018 23:01:09 GMT+0000 (UTC),212,0.03,6,6,0,1
987,8,Thu Jun 14 2018 23:15:14 GMT+0000 (UTC),212,0.03,6,6,0,1
988,8,Thu Jun 14 2018 23:22:14 GMT+0000 (UTC),212,0.03,6,6,0,1
989,8,Thu Jun 14 2018 23:35:20 GMT+0000 (UTC),212,0.03,6,6,0,1
990,8,Thu Jun 14 2018 23:37:05 GMT+0000 (UTC),212,0.03,6,6,0,1
991,8,Thu Jun 14 2018 23:55:40 GMT+0000 (UTC),212,0.03,6,6,0,1
992,8,Fri Jun 15 2018 00:30:05 GMT+0000 (UTC),212,0.03,6,6,0,1
993,8,Fri Jun 15 2018 00:53:16 GMT+0000 (UTC),212,0.03,6,6,0,1
994,8,Fri Jun 15 2018 01:45:51 GMT+0000 (UTC),212,0.03,6,6,0,1
995,8,Fri Jun 15 2018 02:27:02 GMT+0000 (UTC),212,0.03,6,6,0,1
996,8,Fri Jun 15 2018 02:36:37 GMT+0000 (UTC),212,0.03,6,6,0,1
997,8,Fri Jun 15 2018 02:41:52 GMT+0000 (UTC),212,0.03,6,6,0,1
998,8,Fri Jun 15 2018 03:02:47 GMT+0000 (UTC),212,0.03,6,6,0,1
999,8,Fri Jun 15 2018 03:46:38 GMT+0000 (UTC),212,0.03,6,6,0,1
1000,8,Fri Jun 15 2018 05:07:19 GMT+0000 (UTC),212,0.03,6,6,0,1